sample_id,aromatic,hydrocarbon,carboxylic_acid,nitrogen_bearing_compound,chlorine_bearing_compound,sulfur_bearing_compound,alcohol,other_oxygen_bearing_compound,mineral
S0000,0.18208657,0.049446538,0.04088464,0.0067955265,0.0024349412,0.019815654,0.005527385,0.018108254,0.8561209
S0001,0.00093593315,0.012901538,0.0008796712,5.9634556e-05,0.0002981918,0.00013501401,7.372655e-05,0.00054102857,0.0008237474
S0002,0.034148447,0.015840847,0.08093803,0.088741735,0.01873738,0.04213164,0.022676114,0.010917321,0.18048416
S0003,0.00043515806,0.96814245,0.0005847338,0.00022813857,0.00023515758,0.00014898615,0.00025568545,0.00019228453,5.4281895e-06
S0004,0.087838076,0.0806632,0.097132534,0.09406147,0.06732248,0.09672721,0.06095531,0.05886659,0.3802754
S0005,0.05367489,0.039968483,0.07194265,0.07142322,0.06711897,0.0672925,0.043804415,0.047678452,0.27623641
S0006,0.019143349,0.78049815,0.012250613,0.023228852,0.018778205,0.006129389,0.017493937,0.018127024,0.0028159744
S0007,0.10263684,0.042323306,0.13928123,0.055848215,0.021750154,0.025497008,0.025429407,0.030427344,0.05229612
S0008,0.011090433,0.0009908292,0.5796842,0.905155,0.005308379,0.015785161,0.03768094,0.0003346204,0.00021892898
S0009,0.5293866,0.008672291,0.968633,0.96121216,0.0085150385,0.26122838,0.2304331,0.004744758,0.03775243
S0010,0.047725048,0.7624324,0.027135042,0.018426241,0.0068503795,0.017454494,0.015039062,0.012188017,0.035127915
S0011,0.12077335,0.042241774,0.15232109,0.019522415,0.020885054,0.122625805,0.02295651,0.03401737,0.60810393
S0012,0.024145177,0.019270137,0.09606629,0.050295223,0.030064497,0.073670715,0.023571325,0.012495606,0.1302949
S0013,0.10229623,0.0035508687,0.0434391,0.027632423,0.015328628,0.030471612,0.01262703,0.035951983,0.90605307
S0014,0.13637924,0.024105536,0.16552508,0.04267798,0.014696307,0.030946337,0.020147884,0.027666338,0.1402774
S0015,0.11138307,0.0054959636,0.09890236,0.054538794,0.009225456,0.009140827,0.012079666,0.020073026,0.120460816
S0016,0.67566645,0.06874262,0.04420401,0.0011175745,0.0006942201,0.006941513,0.0022571103,0.055411648,0.9694157
S0017,0.07229447,0.0076240706,0.2692086,0.42103314,0.090305455,0.023300027,0.07789612,0.0391881,0.0065886914
S0018,0.13693179,0.04373384,0.038577605,0.0072797574,0.0030467543,0.019628648,0.005750639,0.016866406,0.783672
S0019,0.5835056,0.0004867008,0.83372515,0.66487426,0.002680319,0.002598973,0.024678284,0.009964383,0.0016951406
S0020,0.023503494,0.001215212,0.4425616,0.42888162,0.017694404,0.13817196,0.039615493,0.002542043,0.07531195
S0021,0.006409877,0.924903,0.011062078,0.010190598,0.0058410824,0.0074680196,0.008615478,0.0033553662,0.0006759601
S0022,0.0018161695,0.9478972,0.003310367,0.00175415,0.0025097656,0.0012239529,0.0021517703,0.0014587889,3.3031178e-05
S0023,0.03764391,0.012296345,0.10677158,0.011059726,0.0010422122,0.0077124666,0.002737357,0.0017814627,0.019895138
S0024,0.036285933,0.00081115763,0.4640489,0.19439484,0.022818053,0.09312888,0.028190572,0.0058224685,0.049291547
S0025,0.05637263,0.054880537,0.09310168,0.05076759,0.020217849,0.03193607,0.023045734,0.019385505,0.06880377
S0026,0.07383036,0.006757149,0.23895948,0.34011242,0.08090155,0.018815683,0.06370658,0.0412351,0.0070436
S0027,0.9965497,7.3661054e-06,0.99890697,0.9713408,0.002862794,0.08084267,0.15370363,0.06567769,0.7145589
S0028,0.15432419,0.018277159,0.5158997,0.10021609,0.020192355,0.11478347,0.039518964,0.01886679,0.07622462
S0029,0.00060717977,0.9492965,0.0005614459,0.0005382075,0.0005337305,0.00014387837,0.00046189243,0.00042711897,9.165702e-06
S0030,0.0018879703,0.58436334,0.0011838,0.0008664977,0.0011734315,0.00029269062,0.00071582914,0.001425186,0.00017454734
S0031,0.025246121,0.11310344,0.049984675,0.0058381474,0.008219036,0.0143646905,0.0064629293,0.0095458245,0.011685495
S0032,0.004341512,0.00836397,0.023399621,0.010246426,0.0058711744,0.0097154565,0.0035029987,0.0020766142,0.014227633
S0033,0.4552036,0.038539484,0.62093073,0.2892491,0.002380706,0.008845072,0.025654422,0.009371482,0.0049339263
S0034,0.002387951,0.009083419,0.0015033704,0.00012028149,0.0003527741,0.00027560422,0.00012515335,0.0009088026,0.0062820152
S0035,0.863013,0.00013433713,0.9538353,0.9489639,0.0053041163,0.038222067,0.10818426,0.018729644,0.31666762
S0036,0.06964888,0.0075821015,0.26303595,0.42955595,0.095848754,0.022272412,0.0795113,0.040347967,0.0058396203
S0037,0.08087066,0.009092445,0.4878293,0.5917766,0.021103052,0.14408769,0.080674835,0.0066713067,0.11580558
S0038,0.2007284,0.23907033,0.04094809,0.0071972897,0.0024113446,0.018417714,0.00707325,0.019394472,0.6506236
S0039,0.08667453,0.111358576,0.06866489,0.059071075,0.05071107,0.052070554,0.04324235,0.059253804,0.24456689
S0040,0.21598543,0.2582666,0.041307107,0.0065343296,0.0019346488,0.018556282,0.0064726947,0.0176132,0.6963421
S0041,0.0007615584,0.9722419,0.0018541418,0.00043516903,0.00059570966,0.00060891977,0.00064720766,0.00036287587,9.210189e-06
S0042,0.0025193118,0.013585173,0.0075347866,0.0030616992,0.004258328,0.0030466763,0.0016084955,0.0020188708,0.005550433
S0043,0.06309694,0.005327084,0.27517906,0.43587554,0.0936129,0.021625102,0.0749524,0.035929702,0.005178165
S0044,0.09719129,0.047876723,0.106360205,0.0312608,0.02817536,0.08801616,0.027792627,0.038103454,0.5066803
S0045,0.13965835,0.135772,0.17980772,0.24018927,0.07599952,0.049060512,0.09615263,0.07009128,0.04473019
S0046,0.08059088,0.0033504122,0.63074505,0.730057,0.023788992,0.16468763,0.09496682,0.0055297473,0.08536809
S0047,0.00026700433,0.9819141,0.0006601033,0.00033608868,0.00027413928,0.00023139831,0.0003337939,0.00012662639,2.8814568e-06
S0048,0.19913262,0.0024754049,0.14703184,0.11622146,0.008215635,0.006277188,0.0146848075,0.024455588,0.12969367
S0049,0.046160955,0.7756991,0.027205572,0.01678907,0.005678679,0.018032262,0.013696859,0.010274206,0.037201375
S0050,0.07436139,0.10437333,0.059100155,0.034764864,0.038918983,0.038089592,0.029740872,0.050306153,0.17250599
S0051,0.0006110412,0.9744845,0.0014307541,0.0004984955,0.0004904797,0.00051652873,0.0005973815,0.00027434636,9.129682e-06
S0052,0.0009653428,0.9664701,0.0021330838,0.00070197467,0.0009262008,0.0007393887,0.0009450201,0.0005442828,1.365591e-05
S0053,0.0008940455,0.9143234,0.00060280756,0.0005033373,0.0008849537,0.0001163356,0.0005220315,0.00090819725,1.002276e-05
S0054,0.054536138,0.010641692,0.21898308,0.022817276,0.0015541931,0.025148198,0.0052757985,0.0020452675,0.056395996
S0055,0.09226592,0.012789545,0.14086415,0.14074437,0.0021324465,0.0023088756,0.0088078575,0.004214011,0.0038828203
S0056,0.7696946,0.00012312013,0.8529279,0.04953984,0.006951928,0.0022665875,0.009448524,0.084807135,0.0028639962
S0057,0.08987332,0.04807601,0.049649414,0.008238529,0.004313154,0.030929303,0.0070011863,0.013522986,0.6346072
S0058,0.023638085,0.58609074,0.004203148,0.018846942,0.011299841,0.0014090134,0.009551425,0.022684593,0.006191887
S0059,0.100755304,0.052841984,0.108888425,0.029932678,0.027078591,0.0890515,0.027538728,0.037991878,0.5017617
S0060,0.1579263,0.00046680713,0.13839878,0.085368685,0.0010859562,0.00073961454,0.003399834,0.0050426,0.01485835
S0061,0.0645549,0.005997248,0.1248337,0.0034236896,0.00229396,0.038339235,0.0031421268,0.0054945643,0.4416893
S0062,0.06458482,0.091906205,0.05810287,0.028654221,0.02983851,0.03929385,0.024267256,0.037438136,0.18662414
S0063,0.0014194382,0.95551836,0.0027643812,0.0012369114,0.0017529473,0.0009871145,0.001575504,0.0010214521,2.2798455e-05
S0064,0.11915436,0.34068596,0.015405641,0.05761731,0.051246457,0.005148073,0.036114685,0.14020021,0.061815523
S0065,0.23835917,0.11906782,0.034879845,0.007400345,0.0023660362,0.014288265,0.0063055176,0.02427017,0.80922735
S0066,0.017725628,0.005848954,0.12473108,0.019523066,0.0024850282,0.008797639,0.0038716043,0.0017045676,0.004966855
S0067,0.026017627,0.1124358,0.026142864,0.019300986,0.018883716,0.016657518,0.013587197,0.01811058,0.0549785
S0068,0.00781519,0.92623174,0.014919155,0.0063885446,0.005043124,0.009021154,0.0074194516,0.0034480386,0.0006898199
S0069,0.042370558,0.033116054,0.10438933,0.05654733,0.027345413,0.05569623,0.026432414,0.017714165,0.11492098
S0070,0.27207473,0.051129773,0.2706234,0.43061712,0.25630644,0.19371748,0.2402927,0.23182806,0.549954
S0071,0.016228355,0.0738863,0.020499581,0.0018714792,0.0040632007,0.00814064,0.0026187233,0.006331693,0.02587305
S0072,0.19258563,0.06546484,0.039222483,0.0074934545,0.0024285943,0.018889967,0.0059385016,0.018954718,0.8477077
S0073,0.15893379,0.21982448,0.12598972,0.16089782,0.08812816,0.12882137,0.10853753,0.09613674,0.43590552
S0074,0.17178644,0.0019112944,0.14408396,0.09749067,0.006857014,0.006361632,0.012111215,0.019151637,0.1342802
S0075,0.034414757,0.5953144,0.015790176,0.009403178,0.0049893213,0.007631416,0.007882443,0.0104522295,0.024492258
S0076,0.12436208,0.052778643,0.038952425,0.007986729,0.0035121106,0.020393774,0.0063598603,0.016970396,0.72016275
S0077,0.1461659,0.0010330451,0.3259404,0.163246,0.053202987,0.004772817,0.028576659,0.06465635,0.0022365174
S0078,0.0073945005,0.9306665,0.014847612,0.0047559403,0.00423528,0.008437772,0.0062011867,0.0030490742,0.00056378305
S0079,0.11826434,0.0273429,0.567672,0.678346,0.05317654,0.124191925,0.1472084,0.017795395,0.022945946
S0080,0.009651858,0.9199285,0.018301645,0.006919726,0.005920581,0.011051962,0.008583989,0.0042538703,0.0008952138
S0081,0.001070849,0.7580188,0.0006930135,0.00043792868,0.00094925595,0.0001275278,0.00045787034,0.00109974,2.5408814e-05
S0082,0.10165847,0.0011781321,0.3779648,0.45955992,0.034620762,0.008067889,0.04167218,0.021972327,0.0030425135
S0083,0.06083286,0.1615114,0.03245928,0.035642486,0.032907803,0.00509879,0.020882607,0.053620934,0.00758194
S0084,0.033378515,0.0091977175,0.098707914,0.035575926,0.036836375,0.11503256,0.023238907,0.019562861,0.47728074
S0085,0.99648005,4.234799e-06,0.99794364,0.9967275,4.450791e-07,3.2537864e-05,0.0037903318,7.624674e-05,0.0006665114
S0086,0.067930736,0.20090525,0.07436869,0.073512994,0.046025902,0.053285968,0.04749191,0.041649736,0.11005068
S0087,0.09134232,0.12808642,0.029048368,0.048089653,0.045052458,0.0140633425,0.031460866,0.08349042,0.14846563
S0088,0.13011222,0.26407155,0.041185845,0.01557393,0.0068115206,0.022073219,0.013275936,0.025825813,0.37133503
S0089,0.003425905,0.9113343,0.004009562,0.0038352879,0.004681818,0.0015310769,0.0038101461,0.0032344025,0.0001088913
S0090,6.048431e-05,1.1300485e-05,0.00086743943,5.709057e-06,7.9779e-05,0.00015239544,5.541811e-06,3.4606688e-05,0.0020928225
S0091,0.7074592,0.04910882,0.058310393,0.00093490473,0.00070707506,0.009197994,0.0021991357,0.05884627,0.97825086
S0092,0.0013601657,0.9581002,0.002726314,0.0012144442,0.0015416326,0.001014844,0.0014996484,0.00088941574,2.411459e-05
S0093,0.0018588498,0.9333676,0.0024194806,0.0014670604,0.0023506652,0.00074319565,0.0017561143,0.0016755952,3.117481e-05
S0094,0.0010422971,0.7583028,0.0006650986,0.0004234248,0.0009296604,0.00012045847,0.00044278495,0.0010834277,2.3947181e-05
S0095,0.0020904366,0.1931963,0.0015595938,0.00051223935,0.0010744117,0.00035956645,0.00048737144,0.0014686385,0.00053492835
S0096,0.056721017,0.73483646,0.029572692,0.021903807,0.0083078705,0.018941285,0.017584376,0.015446038,0.045639575
S0097,0.00054276356,0.97136486,0.000985874,0.000404031,0.00037875204,0.00031722558,0.00044707203,0.00024417648,8.162648e-06
S0098,0.0012757957,0.9705259,0.0032782834,0.00073961384,0.0006644464,0.0014034703,0.0010064456,0.00042078816,3.3997218e-05
S0099,0.25657004,0.00061324745,0.266066,0.23424594,0.0027352832,0.002938892,0.010422433,0.009628636,0.055679515
S0100,0.04825717,0.75430334,0.026553102,0.018298626,0.0072795404,0.016495088,0.015144975,0.0131234145,0.033239286
S0101,0.05598939,0.017200246,0.10218568,0.03729706,0.029408516,0.06828139,0.023234077,0.025413169,0.32853624
S0102,0.08027255,0.0004073065,0.4615686,0.52536595,0.010895974,0.0055961306,0.023942709,0.006106206,0.0019354767
S0103,0.09309107,0.24623427,0.030645544,0.036393512,0.03274231,0.014338391,0.028025532,0.06766298,0.10187172
S0104,0.0015050784,0.9738658,0.0045644823,0.0004195601,0.0004547943,0.0018437086,0.0007840482,0.0003468381,3.8648388e-05
S0105,0.11277873,0.12067968,0.4159959,0.23868898,0.039004505,0.404813,0.106529094,0.018566938,0.40282348
S0106,0.14000836,0.09280074,0.046699125,0.005989385,0.002237474,0.02521365,0.005552852,0.012701565,0.7329564
S0107,0.083145455,0.006063384,0.030969871,0.03722784,0.0147913825,0.023168445,0.013588055,0.030995432,0.8626848
S0108,0.0003709985,0.9522796,0.00027377857,0.0001847127,0.00022367192,5.0823055e-05,0.00017871159,0.00023398342,3.592419e-06
S0109,0.0016821745,0.94148815,0.0024327082,0.0014210336,0.0020226357,0.00079919735,0.0016643266,0.0013586489,3.0153262e-05
S0110,0.14042345,0.010782807,0.34631276,0.33589205,0.08171359,0.06543639,0.09044432,0.05445283,0.0663823
S0111,0.0002263446,0.9841642,0.0005986214,0.00024006356,0.00020171014,0.00020175436,0.00025608332,9.5615665e-05,2.1808548e-06
S0112,0.00093962956,0.011739957,0.0008954121,5.711304e-05,0.0003102926,0.00013417541,7.2845585e-05,0.0005643858,0.00081058196
S0113,0.0060329274,0.85783094,0.004515197,0.004460382,0.0061510624,0.0014879127,0.0045230887,0.0060171303,0.00024911587
S0114,0.00041584068,0.9645822,0.00050314533,0.00027015313,0.00029723355,0.00012282746,0.0002805347,0.00023242187,4.578371e-06
S0115,0.06374732,0.717161,0.031467974,0.02371287,0.009022769,0.020093888,0.018986952,0.017529937,0.055314973
S0116,0.25042725,0.20847064,0.046641212,0.0049894284,0.0017491267,0.019161168,0.0056818323,0.019174164,0.75659764
S0117,0.083555736,0.044478778,0.099574864,0.08797317,0.07784404,0.09617129,0.057907213,0.06480548,0.41541234
S0118,0.09773886,0.09835315,0.034638647,0.058973882,0.045345575,0.015124704,0.03360798,0.08100816,0.15980309
S0119,0.11825204,0.013390172,0.37685838,0.16917203,0.018510694,0.045623075,0.03663158,0.0158367,0.033738557
S0120,0.051532745,0.0032214152,0.26230216,0.10410447,0.014870214,0.06458021,0.021462914,0.008113078,0.13545246
S0121,0.10348352,0.021259593,0.15114592,0.14397345,0.044397008,0.02625898,0.04382844,0.04449019,0.053963423
S0122,0.79599965,0.0037226444,0.84718615,0.8470559,0.024606569,0.07836372,0.17977296,0.073061995,0.39377782
S0123,0.000850464,0.0032520895,0.0014091161,0.00010015757,0.00046941146,0.0003094958,0.000100262005,0.0005394714,0.002651231
S0124,2.7101463e-05,4.2785887e-06,0.000347761,4.881841e-07,1.4952393e-05,4.9428632e-05,8.013377e-07,1.0685437e-05,0.0017475262
S0125,0.08477077,0.05155838,0.13549484,0.18634602,0.045456156,0.026209539,0.052830618,0.037154555,0.028534546
S0126,0.0012287251,0.7573657,0.0007781442,0.0006682456,0.00081994693,0.00018277796,0.00054388057,0.0009258025,6.0576782e-05
S0127,0.1540653,0.3360179,0.030576931,0.010182251,0.0035164938,0.013699583,0.0088186,0.021508247,0.4159965
S0128,0.10039704,0.12586808,0.12783657,0.085504785,0.032634027,0.043166783,0.04304949,0.03679211,0.06976966
S0129,0.025940355,0.12060598,0.05053755,0.0062369136,0.00872691,0.014921024,0.006898453,0.010046529,0.011930223
S0130,0.12338578,0.06484652,0.04287867,0.007430426,0.0036844537,0.022180304,0.00658429,0.017158149,0.6634553
S0131,0.0013631514,0.07351757,0.0009862267,0.00019054118,0.0005092951,0.00018585591,0.00018938306,0.0008346492,0.0005752811
S0132,0.108600095,0.109175496,0.040973593,0.008599224,0.0041041817,0.022017142,0.0075668143,0.016455045,0.52443045
S0133,0.063403144,0.7178651,0.031344894,0.023678275,0.008991116,0.020028325,0.018932851,0.017429756,0.05493005
S0134,0.035452362,0.033986684,0.10877992,0.7843863,0.03671106,0.017310377,0.09399945,0.009795173,0.011547521
S0135,0.10056034,0.07881742,0.10602966,0.035047982,0.03156334,0.08623321,0.032275185,0.042115726,0.409573
S0136,0.00076631765,0.9685488,0.0017034457,0.0005116289,0.0008028721,0.00052776834,0.00073651347,0.0004722432,7.813786e-06
S0137,0.8737497,0.00017675746,0.9800103,0.7168172,0.0024259225,0.15835626,0.057951916,0.010516828,0.6314149
S0138,0.00742813,0.92982876,0.014802548,0.0048076124,0.0043568374,0.008354316,0.006275057,0.0031336038,0.00055617
S0139,0.003950809,0.0012029262,0.00977664,0.0003483641,0.0015213457,0.0030479582,0.00040391448,0.0017788402,0.043937758
S0140,0.03865892,0.010436026,0.15285896,0.014927462,0.0048123305,0.020580854,0.0062857224,0.0050207423,0.026144197
S0141,0.10019305,0.045694474,0.6549185,0.1619954,0.008789564,0.16769294,0.039732654,0.0046290834,0.022558516
S0142,0.24379615,0.12685387,0.035070017,0.008145355,0.0026114376,0.014375248,0.0068658716,0.026358021,0.8017039
S0143,0.10773804,0.0004987814,0.15727516,0.027841486,0.0016974403,0.0036648542,0.0032462475,0.005319035,0.07285723
S0144,0.12907398,0.0042921673,0.2742581,0.06248124,0.0036020044,0.01914211,0.0102958,0.0067600305,0.095431946
S0145,0.1299099,0.023212055,0.30459255,0.24870297,0.026828207,0.009054477,0.041556742,0.027718201,0.0017343194
S0146,0.09777287,0.10094209,0.09471514,0.0461816,0.037321184,0.07852994,0.038255386,0.046601523,0.35819927
S0147,0.09684292,0.009999579,0.5560165,0.07538387,0.010819597,0.109321766,0.02417613,0.007595044,0.043052837
S0148,0.07777058,0.080675855,0.1579211,0.2569477,0.085341476,0.04589273,0.08734913,0.049329896,0.026271624
S0149,0.39987114,0.07777568,0.47385204,0.8917654,0.15434842,0.058438797,0.3541189,0.13591605,0.041047398
S0150,0.100872435,0.028106647,0.18653727,0.2790423,0.048886705,0.025411155,0.06183956,0.037778504,0.024347076
S0151,0.0007189887,0.9114857,0.00033479082,0.00038571542,0.0005469629,5.721274e-05,0.00033675256,0.0006787818,8.626266e-06
S0152,0.013275099,0.042599358,0.030142741,0.78234035,0.16269131,0.004996272,0.1183346,0.028460786,0.0011788887
S0153,0.0028193893,0.040783048,0.0057874825,0.0010176896,0.001837444,0.0024998058,0.0008971065,0.0014722457,0.0055553806
S0154,0.0007632967,0.9109015,0.00043362158,0.000430771,0.0005501366,8.465421e-05,0.00037862026,0.000625511,1.1855705e-05
S0155,0.06248785,0.7191954,0.031105202,0.02407488,0.009159126,0.019938126,0.01913085,0.017475769,0.05335154
S0156,0.18467824,0.19802243,0.039548285,0.0062645245,0.0019576598,0.018406175,0.0059492867,0.015653769,0.6918035
S0157,0.0028612686,0.92541486,0.003929968,0.0031124998,0.0039407886,0.00151321,0.0033007872,0.002545134,7.815745e-05
S0158,0.04465561,0.22393487,0.10585831,0.008534335,0.007532137,0.04393989,0.01052846,0.009229664,0.03163316
S0159,0.071375936,0.2188014,0.07460796,0.06972538,0.041223165,0.043612093,0.04421557,0.040774114,0.079608075
S0160,0.13763861,0.14115168,0.17096308,0.27331054,0.054258488,0.04547034,0.088938735,0.051465176,0.05341607
S0161,0.11332203,0.08528592,0.048008073,0.009803793,0.004969575,0.02734591,0.008615846,0.018280942,0.58137476
S0162,0.1161011,0.00034661955,0.6368448,0.5185121,0.011187195,0.009197352,0.027395539,0.0067976895,0.0021958298
S0163,0.22720586,0.17352913,0.053611323,0.0058167074,0.002178212,0.02456009,0.00648736,0.018970968,0.75627667
S0164,0.11394901,0.0537907,0.12578957,0.047265787,0.022175139,0.027669609,0.025545314,0.035655145,0.078155726
S0165,0.031574856,0.0028128724,0.40587637,0.42167166,0.020046942,0.12474236,0.04640282,0.0037812141,0.07258783
S0166,0.07375914,0.008657014,0.14583525,0.028263513,0.0053628464,0.01114217,0.008034253,0.008945261,0.03088984
S0167,0.120864995,0.32217687,0.018050492,0.056991916,0.04865421,0.0065144305,0.036420085,0.12868586,0.07629535
S0168,0.0034347284,0.0018758455,0.017898861,0.004868131,0.0064455955,0.007814192,0.002144921,0.00242055,0.02628489
S0169,0.2675094,0.8538123,0.52902037,0.012470618,0.00024952783,0.1940607,0.00905248,0.001091136,0.17150117
S0170,0.05222957,0.0066334605,0.28343403,0.5406248,0.09415159,0.020188522,0.085099176,0.028423578,0.0026846882
S0171,0.010947881,0.91315585,0.01958506,0.010836916,0.0074463924,0.013293193,0.01137479,0.0050121937,0.0013645749
S0172,0.0019061636,0.5277575,0.0013777162,0.000907283,0.0013061902,0.00035857985,0.0007639909,0.0014659795,0.00020701949
S0173,0.034695636,0.0285974,0.094267055,0.058539424,0.03566173,0.08080056,0.029877834,0.01854969,0.20107947
S0174,0.02759992,0.00018497213,0.122221746,0.0019370764,0.004028625,0.068549864,0.0019870906,0.0047718175,0.8155168
S0175,0.09890347,0.022657327,0.04225516,0.0073170513,0.0029325318,0.026264349,0.0051916605,0.011640677,0.824058
S0176,0.052818578,0.7584992,0.02936952,0.018619385,0.006252188,0.019537836,0.015072855,0.011832006,0.04690124
S0177,0.0020163956,0.41557512,0.0012619627,0.000625601,0.0016222287,0.00024770433,0.00065289624,0.002122964,0.00014504524
S0178,0.079887345,0.076299235,0.0903891,0.08802207,0.06419111,0.08911002,0.056324452,0.054672092,0.35431355
S0179,0.07314432,0.0294237,0.090727754,0.023111563,0.02808483,0.06892773,0.021451348,0.034457583,0.4174744
S0180,0.10273395,0.034976915,0.23431751,0.25231335,0.04343868,0.04491094,0.06401175,0.0310344,0.038431242
S0181,0.09410546,0.084979944,0.08452956,0.16230923,0.09833338,0.08873148,0.08616343,0.080158845,0.40122458
S0182,0.22279173,0.11323157,0.038303647,0.009165166,0.0030375882,0.017099723,0.0075483234,0.025575133,0.7949604
S0183,0.0006727166,0.91012675,0.0002891895,0.0003229521,0.00045762508,4.6673595e-05,0.00028206446,0.00061057456,7.895578e-06
S0184,0.001132488,0.9557294,0.0020890236,0.0012062519,0.0018050756,0.00070347084,0.0014384154,0.0009847592,1.4608727e-05
S0185,0.009188404,0.91962117,0.017257731,0.006467322,0.0059723197,0.009999395,0.008202432,0.0042928634,0.0007587908
S0186,0.0010175722,0.15308139,0.0029835477,0.00010578949,0.00021826892,0.0009581535,0.00015846085,0.00022644279,0.00068066496
S0187,0.0008052173,0.9011799,0.0003471586,0.00019623224,0.00048358116,4.4475237e-05,0.0002444991,0.0007822538,6.004193e-06
S0188,0.00030770758,0.98010397,0.00073146785,0.00041170974,0.00033841678,0.00026132783,0.00040003826,0.00015600139,3.5568053e-06
S0189,0.0014082205,0.79352057,0.000505731,0.00022320323,0.000697325,6.037591e-05,0.00030323982,0.0014199358,1.7287486e-05
S0190,0.124471866,0.0036552835,0.67919725,0.44827226,0.009976786,0.29078653,0.05701428,0.004265625,0.43855354
S0191,0.0684651,0.18827818,0.07237545,0.06940115,0.04862976,0.051299125,0.046778757,0.044994995,0.11073408
S0192,0.02707363,0.12585057,0.051603492,0.0070327963,0.00919647,0.015730517,0.0074972287,0.010478551,0.012979547
S0193,0.016645228,0.0406115,0.046308145,0.024970436,0.012554174,0.02120145,0.010997263,0.0071777855,0.031327557
S0194,0.00029664274,0.98406917,0.0008993243,0.00010368451,0.00017190397,0.00023402668,0.00019336709,0.00010839797,1.7353703e-06
S0195,0.00042942475,0.9689763,0.000623113,0.00031345984,0.00030522115,0.00017317999,0.0003238598,0.00021504721,5.438656e-06
S0196,0.02324014,2.237196e-05,0.6768073,0.77999157,0.0031855558,0.11289954,0.021689327,0.0003497739,0.24086604
S0197,0.068524376,0.1872915,0.072071135,0.0677869,0.047539875,0.049294278,0.04566773,0.04463819,0.10514141
S0198,0.17532119,0.0017049877,0.3402666,0.39871803,0.0532367,0.0057430672,0.048720352,0.057799987,0.0035472768
S0199,0.0011563546,0.32593364,0.002917085,5.4833345e-05,0.00019254377,0.000661647,0.00013053135,0.0002680309,0.00020695201
S0200,0.00037068297,0.97877824,0.0008781277,0.000476184,0.00038402565,0.00032562672,0.0004681406,0.00018157542,4.913813e-06
S0201,0.20291145,0.24919309,0.040685333,0.0069206166,0.0022204246,0.018306123,0.0068162354,0.018480796,0.6587448
S0202,0.024332834,0.12538551,0.048412748,0.006080075,0.008548322,0.014709971,0.0067330236,0.009552819,0.011296326
S0203,8.139483e-06,3.9579174e-07,0.00046599354,4.6026773e-05,1.1665759e-05,7.2623698e-06,1.6636584e-06,1.5603115e-06,2.979004e-05
S0204,0.10486493,0.04985618,0.6571067,0.15313004,0.008829325,0.17417148,0.039912485,0.004860574,0.024383102
S0205,0.07774232,0.011633037,0.08247056,0.01657568,0.007947937,0.043838408,0.009859013,0.014636219,0.6149333
S0206,0.10258602,0.77123076,0.391025,0.0020750496,0.0012446411,0.24961612,0.007205274,0.0027550047,0.07244161
S0207,0.21729276,0.121950775,0.03497078,0.008038205,0.0025468366,0.015108376,0.006638021,0.022981888,0.78590596
S0208,0.01265247,0.009075367,0.05740388,0.013958435,0.008102782,0.010156922,0.0053927586,0.004650947,0.008756565
S0209,0.11696035,0.1336558,0.04081368,0.009642801,0.004727873,0.0212263,0.008601866,0.019367317,0.485347
S0210,0.08286892,0.04886058,0.09515156,0.10462439,0.058904234,0.1069337,0.056963407,0.048835095,0.5410852
S0211,0.001455548,0.9570891,0.0029229345,0.0012234399,0.0016067881,0.0010832383,0.0015564256,0.00094582175,2.6008673e-05
S0212,0.00087798043,0.95231885,0.0010852731,0.0005242084,0.0006804921,0.0002907762,0.0006068203,0.00054826314,1.25168945e-05
S0213,0.12289559,0.026873222,0.28235942,0.1712815,0.02970471,0.07255159,0.051141962,0.025661023,0.11247611
S0214,0.14512469,0.033540055,0.15585229,0.20373487,0.012741134,0.057120584,0.040109128,0.017359877,0.48776767
S0215,0.05371337,0.0016260651,0.27138126,0.19007729,0.036258034,0.032699805,0.0316952,0.016795253,0.03348134
S0216,0.0010853321,0.91694814,0.00072029245,0.00038827615,0.0008047356,0.00012804505,0.00048477465,0.00097152055,1.1087614e-05
S0217,0.105683394,0.0056943623,0.096373975,0.0516078,0.009315257,0.009467076,0.01188805,0.019627804,0.120436326
S0218,0.000516495,0.94849867,0.00048383477,0.00036025382,0.00059501565,9.891956e-05,0.00038263865,0.0004851352,4.0343243e-06
S0219,0.084306136,0.07667653,0.08930971,0.08305325,0.059150226,0.08605184,0.05361548,0.054309726,0.376057
S0220,0.004240876,0.8778008,0.003310855,0.0038333633,0.00466169,0.0011037356,0.00354729,0.0041654413,0.00016010525
S0221,0.1104096,0.011933933,0.22749157,0.2006971,0.041339997,0.033387154,0.04829815,0.03526066,0.052422017
S0222,0.110790774,0.0023093158,0.1175458,0.056785688,0.008860142,0.00921074,0.01090025,0.018322924,0.14079311
S0223,0.18046124,0.002045398,0.14719908,0.10370396,0.007117977,0.0061630956,0.012739892,0.020339206,0.124984756
S0224,0.21346754,0.2623032,0.040490262,0.0054589016,0.0017238928,0.017341236,0.005757199,0.016610414,0.6776002
S0225,0.00042801726,0.10998592,0.0013571196,0.85304415,0.29231805,0.0036830907,0.112173006,0.007722567,0.0009501128
S0226,0.0022813266,0.9356423,0.0033819985,0.0022666655,0.0029086664,0.0012599402,0.0025150748,0.0018630082,5.4101707e-05
S0227,0.07757631,0.044718143,0.08982173,0.06902616,0.055384863,0.085431844,0.04506691,0.050054774,0.42852616
S0228,0.018377628,0.0006065273,0.47175792,0.34768137,0.017966764,0.076419935,0.028553976,0.0023800714,0.015427405
S0229,0.112365656,0.0495008,0.10852875,0.22855687,0.127969,0.13097635,0.11222507,0.096464634,0.6111993
S0230,0.25917467,0.060788874,0.047283664,0.010011293,0.0037677847,0.02151094,0.008331449,0.03236343,0.8798585
S0231,0.18420994,0.06253194,0.25811306,0.23978573,0.018994385,0.020530872,0.048606228,0.027596937,0.019852897
S0232,0.0017506635,0.9608671,0.0038077,0.0017161097,0.0013245285,0.001833833,0.0018532773,0.0007621134,6.332496e-05
S0233,0.0016791447,0.95115465,0.0031643603,0.001513953,0.0021563517,0.0011577129,0.0019050792,0.0012649002,2.9522442e-05
S0234,0.0546991,0.7516217,0.029759798,0.01939477,0.006624806,0.019678948,0.015660347,0.012625865,0.048707042
S0235,0.0005944808,0.018807828,0.000978828,5.4134638e-05,0.0002565814,0.00018151187,6.942234e-05,0.00031922458,0.00045819936
S0236,0.00086060783,0.9293673,0.00063314376,0.0006332259,0.00082964933,0.00014230316,0.0005824913,0.00076774077,1.191294e-05
S0237,0.00044775035,0.002160986,0.0010116001,2.8351986e-05,0.00020647918,0.0001812426,3.723678e-05,0.00024420393,0.0011941032
S0238,0.006706385,0.93623674,0.0141221415,0.0038172237,0.0034511301,0.007846484,0.00523203,0.0025345662,0.00048006655
S0239,0.20188113,0.08944784,0.15708071,0.5146007,0.22990423,0.12997623,0.23825234,0.18746164,0.48109958
S0240,0.13783495,0.0687308,0.12181263,0.8582298,0.034688756,0.018637959,0.143701,0.025043108,0.07591408
S0241,0.001819195,0.95092213,0.0034884103,0.0015244655,0.0021482531,0.001298251,0.001968536,0.001290611,3.4239747e-05
S0242,0.028600087,0.04354896,0.27795276,0.040228453,0.018295614,0.27324918,0.026903907,0.0058773397,0.15272963
S0243,0.0005117679,0.929188,0.0003103743,0.00021299963,0.00027282204,5.5100838e-05,0.00020468465,0.00033299613,6.5007007e-06
S0244,0.14906088,0.05887282,0.05998988,0.015140055,0.006401764,0.030909065,0.011286025,0.024539743,0.6784621
S0245,0.0033915928,0.8063143,0.0028623696,0.0034776619,0.002969862,0.0011028737,0.0026032806,0.0025379935,0.00029574725
S0246,0.0793723,0.088375345,0.09145845,0.089618616,0.06452428,0.0908994,0.058039125,0.05406585,0.33032748
S0247,0.19563591,0.21814375,0.04773982,0.0075020874,0.002657506,0.022996053,0.0075946306,0.019062461,0.6638773
S0248,0.0007193955,0.9735096,0.0017160664,0.0006672407,0.00057768554,0.00068349973,0.00075324596,0.00031206818,1.3508381e-05
S0249,0.098316066,0.06895639,0.09944341,0.035506878,0.030723529,0.08080934,0.031030823,0.041379206,0.43362015
S0250,0.17331356,0.0005968787,0.31756502,0.15692735,0.041409146,0.0031922236,0.023088124,0.06498449,0.0025768813
S0251,0.0016756983,0.10730947,0.001619807,0.00055966264,0.0011783936,0.00042314673,0.00047459002,0.0012807357,0.0007188377
S0252,0.07762524,0.0904332,0.09146892,0.07616535,0.056121055,0.08894922,0.051708393,0.0488946,0.32153833
S0253,0.11339286,0.17280546,0.10464394,0.085626155,0.06411381,0.093173094,0.06634411,0.069449745,0.29665214
S0254,0.00050064287,0.9266469,0.0002502426,8.8611734e-05,0.00024000404,2.868164e-05,0.00012772031,0.00039954987,2.6143257e-06
S0255,0.65447706,0.0064943284,0.9824045,0.89627326,0.049388353,0.7071026,0.36841875,0.027450562,0.27383447
S0256,0.008678533,0.9293775,0.017780032,0.005280963,0.0043486315,0.010728597,0.0069249896,0.0032147053,0.00080296886
S0257,0.0014921507,0.35235846,0.0010453272,0.00037935888,0.00074165786,0.00022023037,0.00036852303,0.0010205903,0.00019634585
S0258,0.17898528,0.026893187,0.36576018,0.120796114,0.0036759584,0.0045109144,0.014313243,0.0083576795,0.0011897514
S0259,0.00042291003,0.94504154,0.0003039829,0.000284068,0.0003904909,5.7146e-05,0.00026202612,0.00036593084,3.6849513e-06
S0260,0.00011171955,0.9120555,0.0003066074,1.312786e-05,2.875268e-05,5.4407436e-05,2.556688e-05,2.6661311e-05,1.601042e-06
S0261,0.0014099932,0.17730066,0.0009352032,0.00021761538,0.00052589807,0.00017286307,0.00022583971,0.0008700847,0.0003017385
S0262,0.025238812,0.07180563,0.017456375,0.0071589313,0.0068406058,0.008643741,0.0054551954,0.011020434,0.079140455
S0263,0.00060879416,0.9771075,0.0016345802,0.0002845185,0.00038271272,0.0005219815,0.00045546007,0.00023963315,6.7241735e-06
S0264,0.0015132201,0.95308053,0.0028557358,0.0014642726,0.0019999288,0.0010471197,0.0017787343,0.0011434037,2.6041162e-05
S0265,0.00091835065,0.74479413,0.00069993956,0.00042488662,0.0007446585,0.00014622742,0.00040937873,0.00078497076,3.1051266e-05
S0266,0.00035841615,0.9528018,0.0002659038,0.00018089179,0.00022273575,4.8933878e-05,0.0001753019,0.00023058365,3.3292233e-06
S0267,0.07320937,3.919997e-05,0.69406796,0.100919165,0.004774311,0.037829585,0.008162859,0.0028355373,0.049169276
S0268,0.0016089329,0.12336717,0.0010654879,0.0002444222,0.00060370885,0.00020300013,0.00024648817,0.0010086631,0.00048066778
S0269,0.017010948,0.05385125,0.037506357,0.004444715,0.0041086394,0.013145238,0.003769974,0.0045010736,0.025617145
S0270,0.0016772179,0.2237799,0.0013066927,0.00034407343,0.0007731149,0.00027944104,0.00035495657,0.0010908206,0.00034046604
S0271,0.0026496274,0.9495404,0.00517244,0.0032719234,0.0023738751,0.002734287,0.0031944732,0.0013411817,0.00012853328
S0272,0.03332829,0.1877,0.060203593,0.04346233,0.029760536,0.036289096,0.027800899,0.020059953,0.03278345
S0273,0.12519653,0.020816438,0.11989507,0.05851354,0.0067339167,0.016826311,0.014680592,0.014738506,0.15433681
S0274,0.0022581364,0.95399964,0.0045627514,0.0026753016,0.0019309437,0.0023568918,0.0026513215,0.0010863298,0.000100608515
S0275,0.00072650204,0.9714418,0.0016981176,0.0004936711,0.00065182283,0.00056269916,0.0006822564,0.00037973627,8.7375165e-06
S0276,0.05170018,0.19530769,0.10897327,0.005929872,0.005589718,0.034050234,0.007967289,0.008906866,0.02847122
S0277,0.001100902,0.9528762,0.0018124629,0.0009737372,0.0015723844,0.00055381336,0.001200624,0.00095451344,1.31317165e-05
S0278,0.051442634,0.7590692,0.02851276,0.018483803,0.006278634,0.01881718,0.014902345,0.011778847,0.044282027
S0279,0.00062211044,0.96006536,0.000778816,0.00052248273,0.00047228212,0.00023012639,0.0004908857,0.00034349627,1.0563417e-05
S0280,0.0010445239,0.95349115,0.0016921277,0.0008928508,0.0014426735,0.00050619256,0.0011030125,0.0008912027,1.2127526e-05
S0281,0.0010586502,0.8452342,0.00068439345,0.000502055,0.000981682,0.00012976104,0.00052189315,0.0010877412,1.8240671e-05
S0282,0.0007465546,0.7930718,0.00047607435,0.00026151203,0.00038302608,9.058403e-05,0.00024767502,0.00048858864,2.3936289e-05
S0283,0.2864855,0.09410282,0.24566373,0.22821498,0.20053716,0.24785939,0.1883267,0.2269752,0.70547783
S0284,0.2102547,0.3074616,0.036563605,0.006036422,0.0016662714,0.015833706,0.0059327646,0.016157927,0.6587382
S0285,0.5056265,0.00016879836,0.5867653,0.17549936,0.0008748402,0.0032065916,0.0062942877,0.00650943,0.07931118
S0286,4.645871e-05,0.0022458483,0.00016438676,7.2885376e-07,1.5323023e-05,1.363855e-05,1.7698927e-06,2.0627318e-05,2.6521635e-05
S0287,0.11757804,0.028532762,0.182504,0.07393492,0.019633034,0.0430896,0.028877258,0.02576202,0.13207635
S0288,0.25161842,0.12683667,0.20839448,0.22455518,0.16883764,0.21432838,0.17260903,0.18773305,0.643812
S0289,0.0005395614,0.00039398123,0.0011539898,9.238912e-06,0.00015473417,0.0001435421,1.8114697e-05,0.00027934407,0.0023654848
S0290,0.1928989,0.00044932467,0.20356008,0.106102005,0.0020363524,0.0016327244,0.0055338843,0.008000398,0.026734775
S0291,0.012635642,0.909865,0.022354336,0.01431722,0.008224853,0.01679807,0.013772502,0.005426382,0.0020861132
S0292,0.0013646608,0.9545106,0.0025847354,0.0012836851,0.0018673883,0.00090704917,0.0015961768,0.0010654888,2.0601248e-05
S0293,0.07745594,0.0037399873,0.26858672,0.17821503,0.023417054,0.04079205,0.031709522,0.015442644,0.07674982
S0294,0.06898069,0.27774927,0.06425517,0.06006351,0.038017437,0.030110782,0.03949217,0.041363407,0.042724676
S0295,0.8938538,4.457615e-06,0.9805651,0.9751289,0.0024829071,0.007081429,0.059267953,0.010531666,0.050176237
S0296,0.24376225,0.00026780128,0.49036086,0.10562929,0.03236254,0.0037455542,0.018106978,0.06575504,0.00254864
S0297,0.27475873,0.0961274,0.2303637,0.19566153,0.15877971,0.23091489,0.15989798,0.19159879,0.7149367
S0298,0.008515448,0.9276077,0.016787779,0.006548323,0.0047660964,0.010662336,0.007661153,0.0033285553,0.0008754782
S0299,0.17099084,0.14428693,0.038360346,0.007701559,0.0032359986,0.017121013,0.0071763825,0.021629626,0.63162017
S0300,0.002232466,0.93752897,0.003544731,0.0025492872,0.0033736627,0.0013594759,0.002810439,0.0019854554,4.9451122e-05
S0301,0.015521277,0.1264261,0.033260398,0.003344612,0.0063980413,0.011045799,0.004334713,0.0067467634,0.007837216
S0302,0.11210038,0.032919545,0.25351587,0.1705409,0.016244395,0.011023142,0.030659655,0.018264154,0.0035907319
S0303,0.0012595082,0.32351738,0.0006025169,0.00021427272,0.00053016853,9.318013e-05,0.00021963211,0.0009609154,0.0001135579
S0304,0.020371037,0.01008058,0.11892391,0.054251857,0.027853886,0.08679782,0.021900114,0.009316234,0.13328214
S0305,0.08157617,0.07686201,0.09857688,0.06839263,0.051785503,0.09562264,0.048278864,0.047287617,0.3706259
S0306,0.07704961,0.13260597,0.06763424,0.058678158,0.051490985,0.05229907,0.043654278,0.054776546,0.19104512
S0307,0.0010028649,0.9849981,0.004372191,9.6328586e-05,0.00011791403,0.0015662073,0.00027724032,0.00011139339,1.9773312e-05
S0308,0.10309301,0.00023332865,0.5290757,0.23888975,0.0050289533,0.07733814,0.017264618,0.003513172,0.44793147
S0309,0.00077778834,0.0007415299,0.0036492916,0.00035024522,0.0010938159,0.001285041,0.0002248981,0.00053599634,0.008782126
S0310,0.106297575,0.030123949,0.04309828,0.009656102,0.004078754,0.02645932,0.0068104886,0.015312371,0.7821616
S0311,0.11067146,0.07258465,0.16477747,0.24983637,0.037301634,0.032445863,0.06279126,0.03355165,0.040415708
S0312,0.026982378,0.0014982569,0.4082277,0.3490859,0.017720183,0.13112819,0.036558196,0.0031744826,0.09396764
S0313,0.046579972,0.0033321197,0.23123965,0.17651327,0.044997945,0.037916753,0.036264874,0.01897657,0.030655177
S0314,0.00020776578,0.98891664,0.0007780883,3.9945317e-05,7.285865e-05,0.00018333722,9.54313e-05,5.1248855e-05,9.4153137e-07
S0315,0.0017302707,0.14562711,0.001154764,0.00028188084,0.0006599365,0.00022812639,0.00028317,0.0010797164,0.00048490337
S0316,0.001052186,0.8647717,0.00080576184,0.00070087635,0.00088058406,0.00019661241,0.0006150614,0.0008431821,2.947462e-05
S0317,0.016390158,0.095328555,0.03377163,0.002404637,0.0051499493,0.01038096,0.003415667,0.006302083,0.009845062
S0318,9.127392e-06,5.9734215e-05,0.00018182454,0.00013959855,0.0003944,4.053655e-05,2.2528358e-05,2.7213058e-05,4.3654367e-05
S0319,0.002819847,0.92248046,0.0035181039,0.0027353053,0.0033573075,0.0012968163,0.002869005,0.0023625956,8.057674e-05
S0320,0.08141514,0.013176537,0.098057166,0.026580984,0.009746358,0.038490236,0.012669679,0.015837131,0.42349997
S0321,0.103046395,0.30213055,0.024902109,0.060610503,0.04030631,0.012066813,0.037018057,0.08408369,0.11036071
S0322,0.17408255,0.12387785,0.04162764,0.0075249015,0.0031921084,0.019119928,0.007089236,0.021141157,0.67516255
S0323,0.15517737,0.013510709,0.4834422,0.8256456,0.113613755,0.05780573,0.20642042,0.04549098,0.016974589
S0324,0.0008817519,0.026555443,0.0013190882,0.00021372508,0.0007174966,0.0003163247,0.0002016282,0.0006809345,0.0006998538
S0325,0.05267633,0.757275,0.029231405,0.01908533,0.006463545,0.019435707,0.0153607335,0.012102091,0.046126902
S0326,0.13898237,0.0035936655,0.18976957,0.12777531,0.007933392,0.01172338,0.016442444,0.014340919,0.09362658
S0327,0.0008942611,0.95992404,0.0016531983,0.00082431047,0.0013031506,0.0005122545,0.0010300091,0.00073834206,9.58246e-06
S0328,0.09296308,0.053953603,0.110180646,0.043872543,0.02284873,0.024374425,0.023782764,0.03291458,0.057292458
S0329,0.00037001268,0.9620565,0.00042131112,0.0003324483,0.0004015693,9.922604e-05,0.00031683446,0.000281375,3.287106e-06
S0330,0.015956951,0.14580792,0.014771183,0.0113752615,0.016166959,0.007171801,0.008853596,0.015300239,0.01394279
S0331,0.14809299,0.002684046,0.19282024,0.03109378,0.0044990974,0.02380623,0.008572856,0.011780212,0.40070125
S0332,0.22242881,0.25054798,0.041341003,0.005633251,0.0017510817,0.017756814,0.0058807735,0.017280098,0.7041272
S0333,0.04458299,0.023198681,0.09674819,0.07200669,0.05758912,0.116632335,0.041592475,0.031205233,0.420793
S0334,0.039734393,2.7928072e-05,0.9269497,0.051680297,0.0015589799,0.038819805,0.0038227635,0.0004897234,0.00076198706
S0335,0.071126565,0.040779766,0.27551442,0.34943563,0.014042426,0.045037247,0.0478907,0.0074639423,0.024909051
S0336,0.0072333906,0.9353077,0.015218671,0.004355716,0.0035827532,0.008920966,0.005734413,0.0026128169,0.0006007454
S0337,0.004387264,0.013992596,0.008350869,0.028437791,0.029767936,0.0067614717,0.009154229,0.009236054,0.022319525
S0338,0.015991077,0.005358856,0.14262658,0.081486255,0.023554375,0.055737775,0.019910734,0.006114291,0.041863292
S0339,0.9438166,4.0870098e-05,0.99292785,0.7731211,0.0019777515,0.18063863,0.059462775,0.01258435,0.7458343
S0340,0.18804674,0.10928799,0.28885058,0.35439315,0.023633104,0.011074687,0.062394474,0.031055883,0.002550393
S0341,0.044602573,0.038791537,0.10248365,0.057121523,0.027117455,0.05408063,0.0270451,0.018430589,0.11194317
S0342,0.0019634727,0.94406724,0.003266721,0.0024198492,0.0026999924,0.0013270292,0.002511515,0.0015374941,4.8627324e-05
S0343,0.1629756,0.2277628,0.044660524,0.009299792,0.00371311,0.022140697,0.008976699,0.020761903,0.54231083
S0344,0.66100794,0.002468024,0.90614676,0.8537652,0.0027453864,0.024318296,0.06503372,0.006872484,0.024915589
S0345,0.050096966,0.135668,0.11094725,0.8870292,0.04927187,0.011249461,0.15346919,0.014827658,0.0027959
S0346,0.05396171,0.7504341,0.029738732,0.021958893,0.0075441273,0.020030286,0.017171258,0.013553272,0.046653744
S0347,0.0914159,0.13610788,0.05875322,0.038282223,0.038161058,0.03654071,0.03249327,0.057618465,0.19191961
S0348,0.1067398,0.17095648,0.08631523,0.050139915,0.039528072,0.06650867,0.04261873,0.053843133,0.27191383
S0349,0.0009857325,0.86125445,0.0006597822,0.0006093491,0.00065512076,0.00015753192,0.0004965589,0.00069320074,3.2391454e-05
S0350,0.11630589,0.10306311,0.053263325,0.011446815,0.0053161345,0.03271861,0.009925865,0.01824219,0.58438337
S0351,0.0016978362,0.68003047,0.0010643998,0.0008634412,0.0010929405,0.00026324735,0.00070770574,0.0012816828,0.000119082164
S0352,0.00036941085,0.98190594,0.0010496476,0.0001745069,0.00023455388,0.00031012704,0.0002782301,0.00014034637,3.0315766e-06
S0353,0.106308974,0.0061174273,0.09783657,0.05132513,0.008242905,0.008887213,0.011336402,0.017868938,0.10754993
S0354,0.10698658,0.056684658,0.12120437,0.02987059,0.027059453,0.09755559,0.02855264,0.03832627,0.4980267
S0355,0.12564558,0.07338051,0.04662462,0.005087924,0.0019570496,0.025692165,0.0047568274,0.010652109,0.7459644
S0356,2.7008293e-05,0.03910514,0.0003891757,9.1446185e-07,5.584711e-06,7.709205e-05,2.3344621e-06,3.533177e-06,1.3824446e-05
S0357,0.0028756042,0.93906826,0.0045815473,0.0036786962,0.002754873,0.0022669726,0.0033635276,0.0016721642,0.0001415769
S0358,0.0021187991,0.21533668,0.0015172608,0.0005475795,0.0010927682,0.00035128786,0.00050951407,0.0014985477,0.00050732604
S0359,0.0015062756,0.9442762,0.0022491738,0.001422447,0.0020210086,0.00074220827,0.0016257456,0.0012804405,2.4974706e-05
S0360,0.0008104963,0.8743732,0.0004468113,0.0004054758,0.0005620295,8.4721076e-05,0.00035959913,0.00067243417,1.5528742e-05
S0361,0.010380885,0.92902416,0.021635678,0.007157965,0.0044388575,0.015208041,0.00845977,0.0032324647,0.0014658517
S0362,0.0003962557,0.0013449962,0.0007746233,1.2844821e-05,0.00010764026,0.00011449145,1.8870705e-05,0.00017012982,0.0013104716
S0363,0.00028029142,0.0021999574,0.0005202435,8.3480685e-05,0.0006501504,9.297901e-05,6.9312664e-05,0.0004586501,0.00036775533
S0364,0.0006922903,0.97193706,0.0016562499,0.00036458968,0.0006059831,0.0004921523,0.0005812997,0.0003735178,6.3851526e-06
S0365,0.061177693,0.061285183,0.072466716,0.07435669,0.05748757,0.069084436,0.045269053,0.0455513,0.29303697
S0366,0.038704693,0.04462535,0.038760807,0.0026516821,0.0047147856,0.017038647,0.0038166856,0.01045156,0.14146988
S0367,0.0003820677,0.96505475,0.0004530229,0.000270604,0.00028775993,0.0001103216,0.00026898732,0.00021998001,4.1223334e-06
S0368,0.07993684,0.08629936,0.0846912,0.09385316,0.067194805,0.082116544,0.05871623,0.05759649,0.32598585
S0369,0.038396053,0.019344823,0.13791484,0.08428678,0.024602279,0.061336666,0.027741827,0.012552868,0.0975617
S0370,0.084766194,0.07184149,0.09552131,0.0800498,0.05997453,0.092647456,0.053528063,0.054176517,0.38410813
S0371,0.09247695,0.24379066,0.032677494,0.03685935,0.0325828,0.015880654,0.028521273,0.06509352,0.10746088
S0372,0.014098759,0.00978785,0.07468759,0.043239716,0.017993927,0.03798998,0.013903294,0.0063196053,0.055935074
S0373,0.00201414,0.57298654,0.0012337646,0.0009445674,0.0013129052,0.00030447482,0.0007782266,0.0015963045,0.00018644714
S0374,7.1895025e-05,0.9896809,0.00020294245,7.0840506e-05,8.315135e-05,4.9420854e-05,8.307012e-05,3.6403755e-05,2.406914e-07
S0375,0.00020197686,0.9840658,0.0005171581,0.00023547705,0.00020842452,0.00016743691,0.00024477483,9.572852e-05,1.6954051e-06
S0376,0.06290583,0.13750339,0.058305733,0.034254488,0.034033574,0.025656838,0.02674321,0.0412338,0.057498924
S0377,0.9326179,0.01412007,0.9743557,0.9634526,0.002514424,0.015287701,0.15458943,0.015809167,0.004399983
S0378,0.029356351,0.1493053,0.055435054,0.9786709,0.043810654,0.007970379,0.21777311,0.0076766554,0.004265676
S0379,0.08254561,0.15849306,0.055031992,0.03507298,0.03913079,0.032649662,0.031373322,0.056683615,0.13510972
S0380,0.17111818,0.0014654435,0.32771724,0.18437362,0.056437463,0.004521775,0.032676857,0.075830005,0.002087883
S0381,0.0010359007,0.90516436,0.0003712304,4.7656464e-05,0.00010262013,3.9493552e-05,8.521387e-05,0.00034134436,1.2931263e-05
S0382,0.0009338186,0.89546466,0.00039398667,0.00026960793,0.00056920946,5.5446402e-05,0.00030609887,0.00089302304,8.91436e-06
S0383,0.00040012124,0.5867979,0.0004047303,0.00012889905,0.00024764548,7.73596e-05,0.00012830882,0.00025561277,2.0541727e-05
S0384,0.0053760326,0.04061503,0.01951302,0.0066441046,0.013240037,0.010165512,0.005177541,0.0055323727,0.0063029937
S0385,0.0010312806,0.9744574,0.002828928,0.00051000295,0.00047842017,0.0011487931,0.00074392045,0.00030877668,2.3443597e-05
S0386,0.08349627,0.24012937,0.029519292,0.03106651,0.02968931,0.013599685,0.024774764,0.059936002,0.088170305
S0387,0.12131054,0.027932243,0.3423663,0.65633225,0.036584623,0.049211044,0.10764832,0.018975442,0.032980684
S0388,0.12627055,0.2517072,0.04386296,0.015774222,0.008211942,0.0231454,0.014249981,0.028674891,0.32824597
S0389,0.050890565,0.7674306,0.02899579,0.017337978,0.005609018,0.0194714,0.01410869,0.010666269,0.046159267
S0390,0.00027725066,0.97346514,0.00043203408,0.00032007607,0.00030905002,0.0001200546,0.00029315532,0.00017569665,2.584198e-06
S0391,0.051072743,0.7598336,0.028268917,0.018154254,0.0061539137,0.01860472,0.014659474,0.011596903,0.04392056
S0392,0.101672955,0.13879496,0.12424583,0.08644401,0.033067662,0.04128302,0.043769524,0.03798162,0.0648063
S0393,0.0015973238,0.5398245,0.0010228418,0.00065957,0.0009561277,0.00024011298,0.0005546298,0.0011814715,0.00015260601
S0394,0.08003371,0.23818575,0.028820362,0.028269446,0.027959902,0.0130425505,0.023075486,0.056779753,0.08227872
S0395,0.04798688,0.7608553,0.027098754,0.018237827,0.0068743434,0.017291399,0.014978169,0.012322461,0.0349633
S0396,0.043024186,0.00018803966,0.7496907,0.6348858,0.019028109,0.13262445,0.04835702,0.0026864675,0.035832766
S0397,0.0014664828,0.9543463,0.0028312344,0.0012445167,0.001848368,0.0009954623,0.0016161815,0.0010870529,2.2819835e-05
S0398,0.09566293,0.08393388,0.0940545,0.03499888,0.031201342,0.0739372,0.031218324,0.042101797,0.37076494
S0399,0.0009561391,0.96588415,0.0018905093,0.0010719697,0.0008470297,0.00078436994,0.0010621966,0.00047113444,2.3232498e-05
S0400,0.0017775166,0.9495134,0.0033049455,0.0016488902,0.0023262417,0.0012252139,0.002048475,0.0013621955,3.258379e-05
S0401,0.081625305,0.055828422,0.17376071,0.17825429,0.044746157,0.046783827,0.057053465,0.031234214,0.042689577
S0402,0.0008543525,0.3062729,0.0006391183,0.00011790437,0.00032871714,0.00010343427,0.00014163092,0.00052002753,8.308248e-05
S0403,0.017809328,0.015729755,0.112588644,0.043960445,0.009097543,0.02238643,0.011052281,0.0039930446,0.0113038905
S0404,0.0019977523,0.23793872,0.0015214346,0.00063384604,0.0012043627,0.0003705492,0.0005652722,0.0014965186,0.00044870403
S0405,0.092045985,0.0005681092,0.29874042,0.11097317,0.0020297146,0.012422406,0.007116292,0.0028150815,0.09941304
S0406,0.0017042429,0.94942516,0.0030996837,0.0018463025,0.0023889907,0.0011856253,0.0021242346,0.0013444024,3.3087203e-05
S0407,0.00089243613,0.9453712,0.000794039,0.06091075,0.002908539,0.0010472614,0.006732252,0.0006706601,0.0003583565
S0408,0.22717014,0.24872151,0.04130224,0.0055855294,0.0018177925,0.017295094,0.0059376317,0.018295093,0.6986321
S0409,0.23070815,0.047109578,0.045642342,0.00686251,0.0024650525,0.021073353,0.0058588753,0.022153893,0.8977668
S0410,0.09201053,0.0120256655,0.60007167,0.9293838,0.030793678,0.04169837,0.16004945,0.006815293,0.0033444164
S0411,0.21730502,0.24684057,0.041817337,0.005847936,0.0018837041,0.018111728,0.00610316,0.017718663,0.69041634
S0412,0.0577973,0.0067230784,0.050279237,0.0054373876,0.0018325034,0.032281835,0.003205732,0.0049728276,0.8415403
S0413,0.05109211,0.124927446,0.0657518,0.07555906,0.0342434,0.018226815,0.032382958,0.029961357,0.018538676
S0414,0.017830819,0.8775612,0.024920527,0.040431187,0.017053107,0.018198712,0.026710982,0.010306603,0.0031932723
S0415,0.00161665,0.124346636,0.0011363487,0.0002970545,0.0007320874,0.0002272437,0.00028991667,0.0011121288,0.0004755004
S0416,0.058181807,0.04578801,0.16253626,0.19333887,0.028853454,0.036934476,0.044689238,0.016700294,0.027069107
S0417,0.06514186,0.1413163,0.05437687,0.02695849,0.030119114,0.024460405,0.023460899,0.04112791,0.06644581
S0418,0.20446567,0.15897731,0.13454145,0.22871703,0.052996367,0.037197225,0.085327566,0.08192002,0.12338799
S0419,0.028466474,0.02238076,0.07086571,0.03970514,0.024103941,0.016009156,0.016146356,0.01605378,0.016540978
S0420,0.0015283471,0.098720565,0.0012772713,0.00024335372,0.00066438114,0.00025981065,0.00025633813,0.0009773072,0.00053188973
S0421,0.029374585,0.00018115742,0.73057365,0.4670174,0.02296311,0.21811734,0.042343326,0.0025550919,0.062233686
S0422,0.052454147,0.7499683,0.028703002,0.021066174,0.007567616,0.018857121,0.016688121,0.013609451,0.042457175
S0423,0.009093949,0.9196557,0.016659698,0.00853682,0.0062221503,0.0106926635,0.00925386,0.004172788,0.0009507422
S0424,0.017528098,0.076120384,0.020174392,0.012088013,0.0136923045,0.012060199,0.008607296,0.012360356,0.041152634
S0425,0.076404855,0.0067348094,0.09136836,0.02178324,0.011045084,0.05634101,0.011959813,0.017041283,0.7150838
S0426,0.060219985,0.74433386,0.031409614,0.015222859,0.0055216267,0.019558413,0.013579353,0.012158053,0.055246755
S0427,0.00094039046,0.9633149,0.0019340136,0.00076864776,0.0011519942,0.000631672,0.001014713,0.0006577546,1.11652525e-05
S0428,0.0024913978,0.30004624,0.001726266,0.0009427099,0.0014644447,0.00045584593,0.0007792086,0.0018275593,0.00056184916
S0429,0.096723,0.089270376,0.069038324,0.048176374,0.039572973,0.05037855,0.03597258,0.05511352,0.32982957
S0430,0.13325708,0.03327782,0.12782498,0.017794168,0.019927625,0.09128671,0.020355629,0.039645936,0.64869314
S0431,0.013103956,0.8106889,0.009060716,0.015926782,0.014368694,0.004162715,0.012514655,0.013063658,0.0013377978
S0432,0.00027176182,0.0011870379,0.00320586,9.069493e-06,8.1350045e-05,0.0009002562,2.0101761e-05,5.8784513e-05,0.0020977827
S0433,0.024522176,0.00013585978,0.7533541,0.47229993,0.022060469,0.28768626,0.041930504,0.0019808563,0.08955966
S0434,0.1884864,0.002783313,0.14031214,0.11095383,0.008570272,0.0064055114,0.014744953,0.02455772,0.12283774
S0435,0.16300918,0.46341327,0.022230739,0.0070091765,0.0020961063,0.008361984,0.006307263,0.01816942,0.36099508
S0436,0.0007714921,0.91971785,0.0005681577,0.00058094715,0.00056602404,0.00013946602,0.00047031933,0.0005354776,1.704995e-05
S0437,0.0003163609,0.9729414,0.0004984691,0.00035175553,0.00031535182,0.00014566105,0.0003213278,0.00018337164,3.4884833e-06
S0438,0.19376995,0.09084731,0.050733913,0.005389113,0.0023716798,0.023382576,0.00571814,0.018159872,0.77947783
S0439,0.4775537,0.0013373438,0.9836258,0.89022225,0.0031661643,0.24785967,0.09700691,0.0018794897,0.027928827
S0440,0.00090167177,0.9623131,0.0017572766,0.001048293,0.0012895149,0.0006223165,0.0011631591,0.0006751347,1.2606982e-05
S0441,0.0010474037,0.71856153,0.00048704445,0.00032429208,0.0008510485,7.132503e-05,0.00034747066,0.0012270766,1.9933677e-05
S0442,0.0004883589,0.9778409,0.0012909282,0.00021786222,0.0003577817,0.0003649448,0.00036931387,0.00022244055,3.7804907e-06
S0443,0.04091147,0.006727257,0.37078837,0.032122422,0.004109457,0.04200908,0.008596138,0.002668114,0.014202737
S0444,0.10187168,0.0049200607,0.096618086,0.05258837,0.0077749277,0.008253284,0.0106856795,0.01653568,0.10675292
S0445,4.826595e-05,0.00022831677,0.00019541908,1.8506847e-05,0.000250979,3.2033273e-05,1.3668406e-05,0.00010338852,0.0001433174
S0446,0.034008,0.011851931,0.22459486,0.199388,0.025634425,0.088869214,0.039383832,0.007948745,0.07427373
S0447,0.009781376,0.00019622158,0.1724252,0.032959927,0.0043768724,0.017660689,0.0039033156,0.0013196673,0.023608394
S0448,0.0817524,0.028788568,0.15515648,0.069820106,0.021557018,0.03659044,0.026824815,0.022176482,0.073595405
S0449,0.06319423,0.7191926,0.03134272,0.023262236,0.008818562,0.020011133,0.018682541,0.017165637,0.054809883
S0450,0.08520889,0.0758406,0.100486696,0.070352376,0.0529861,0.09737577,0.049613096,0.0493055,0.38722378
S0451,0.10275847,0.030871881,0.32224324,0.25357786,0.018508634,0.05669235,0.04846534,0.013038537,0.043859303
S0452,0.003239885,0.80360276,0.0043173316,0.0013075566,0.0018286557,0.0015012224,0.0016190091,0.0017207315,0.0002309676
S0453,0.03900095,0.0005950233,0.5324455,0.74003613,0.033567145,0.017435312,0.05616363,0.005940605,0.0012347407
S0454,0.06903163,0.022517174,0.17978491,0.10740151,0.029672123,0.021876127,0.031095393,0.02334852,0.013371142
S0455,0.068635896,0.15315585,0.07211004,0.06632304,0.05305013,0.055808302,0.046803117,0.048667666,0.14353076
S0456,0.27412516,0.11256751,0.22989435,0.23596126,0.18782048,0.23662245,0.18659641,0.21030635,0.6842471
S0457,0.001268182,0.9555511,0.0023732642,0.001409634,0.0018224482,0.0008673643,0.001606583,0.0009932795,2.0611074e-05
S0458,0.1702068,0.18510537,0.13518308,0.11375106,0.0732529,0.1263023,0.08798963,0.092635244,0.4635812
S0459,0.131455,0.014611851,0.050741095,0.0075790877,0.003283248,0.030528793,0.005598795,0.015296066,0.89926046
S0460,0.089185886,0.16550618,0.10723038,0.08067707,0.035300747,0.03603152,0.042821392,0.03859028,0.046886463
S0461,0.06689283,0.064374,0.13710569,0.29279995,0.050106198,0.037807096,0.06985061,0.028261255,0.03416219
S0462,0.0029122226,0.936293,0.0050028516,0.0032985636,0.003962552,0.0021520006,0.0036765556,0.0023102018,8.43558e-05
S0463,0.0024537481,0.37261423,0.0016523903,0.0009832184,0.0014509694,0.00043545934,0.0008122235,0.0018019353,0.00044841116
S0464,0.20959722,0.262568,0.04083547,0.0062858053,0.001971462,0.01803494,0.0063817687,0.01761622,0.66819537
S0465,0.02954073,0.12714182,0.05451801,0.007833544,0.009346769,0.015631597,0.007952969,0.010985441,0.013007175
S0466,0.05124215,0.02613438,0.06373899,0.041580897,0.007909267,0.010237517,0.0111699905,0.010747988,0.044097826
S0467,0.10072355,0.063439,0.10812856,0.036435038,0.03116221,0.0912213,0.031975485,0.040964104,0.4717634
S0468,0.07920504,0.084469736,0.0916613,0.080346994,0.05927238,0.08940568,0.05355078,0.05145287,0.33603746
S0469,0.115355775,0.064954944,0.052191924,0.008098264,0.0042059887,0.030003285,0.0074445033,0.01627549,0.65230453
S0470,0.6257127,0.08234895,0.0347123,0.0015178453,0.00079044915,0.005754282,0.00252392,0.053351264,0.9577993
S0471,0.025567144,0.10512853,0.05478494,0.007911291,0.009704576,0.016502293,0.0077791046,0.010023489,0.012677221
S0472,0.016510554,0.8820329,0.023817247,0.033584554,0.015829716,0.01760779,0.024024513,0.009609552,0.0028781905
S0473,0.21715339,0.2240651,0.043668732,0.0060969098,0.0020976688,0.019045904,0.00640505,0.018891739,0.6947339
S0474,0.0028423707,0.89823216,0.002268306,0.0024626686,0.0027343743,0.0007207707,0.002225021,0.0024492296,9.448189e-05
S0475,0.097012945,0.015626175,0.18357095,0.08668089,0.019731188,0.024771664,0.025300514,0.022619426,0.047921933
S0476,0.1507745,0.13818586,0.040618695,0.005990586,0.0019699652,0.02059274,0.0054687867,0.012930973,0.70059496
S0477,0.00016621809,0.9875991,0.0005057346,8.2114304e-05,0.00010151903,0.00013498454,0.00012508918,5.6977802e-05,9.3133815e-07
S0478,0.061255936,0.72382706,0.030785322,0.022567762,0.00858284,0.019611271,0.018195748,0.016569952,0.051888485
S0479,0.11536175,0.0011066082,0.15080547,0.07357422,0.010495256,0.009737121,0.011942831,0.019208973,0.13555017
S0480,0.05749298,0.7409318,0.030488055,0.019679474,0.0072871977,0.019555105,0.016317006,0.0141318105,0.048493143
S0481,0.09616824,0.008835459,0.08875826,0.008028607,0.0014962943,0.03273761,0.0038945342,0.0050666668,0.7708632
S0482,0.014892128,0.13002844,0.029499093,0.002920209,0.006282435,0.009517854,0.003988149,0.006937334,0.0069415793
S0483,0.0002060347,0.0042717643,0.0018165759,0.0040407497,0.010295582,0.0013001467,0.0012466605,0.00091048673,0.0005239612
S0484,0.000494411,0.0024235602,0.0007454065,2.1823966e-05,0.0001706214,0.00010752301,2.97436e-05,0.000271781,0.0009918956
S0485,0.12699354,5.0819857e-05,0.37698698,0.049090385,0.0015382234,0.0043872227,0.003152025,0.0036900279,0.05261859
S0486,0.001416686,0.10008094,0.0010518789,0.00023472302,0.0006310934,0.00020301796,0.00023539268,0.0009601787,0.00045268962
S0487,0.0008375519,0.86058867,0.00061805185,0.00048518777,0.0006817907,0.00013497347,0.00044241772,0.00068390014,1.9655618e-05
S0488,0.0015239104,0.9513063,0.0028119176,0.0014704599,0.0021726359,0.0009972603,0.0018161356,0.0012442849,2.4061845e-05
S0489,0.0018751278,0.40735072,0.0010327789,0.00052127196,0.0014650836,0.00018261021,0.0005505434,0.0020816626,0.00011652488
S0490,0.0013409666,0.818057,0.0007552901,0.0007336844,0.0008769747,0.00017133645,0.00060455094,0.0010427431,5.000076e-05
S0491,0.07983533,0.0992316,0.0852965,0.09520522,0.07387851,0.04545168,0.056782726,0.066271774,0.09908264
S0492,0.15966792,0.0013181111,0.26776543,0.14104041,0.05757391,0.0040590274,0.02813564,0.083558165,0.0028564308
S0493,0.0012282571,0.14542781,0.0009814225,0.00025638114,0.00044231713,0.00022351417,0.00022220652,0.0006269198,0.00048920076
S0494,0.0033771484,0.19673426,0.002699675,0.0015964374,0.002386391,0.00084944145,0.0012259855,0.0026266286,0.0013690268
S0495,0.1485701,0.0022177803,0.12239734,0.084860235,0.0062801996,0.0047420617,0.010493799,0.017387107,0.08400492
S0496,0.00841425,0.921851,0.015846321,0.0059673954,0.0056256517,0.008970424,0.007578009,0.0040058754,0.0006426301
S0497,0.00095137657,0.5913302,0.00081500487,0.00028144554,0.00045780293,0.00017908959,0.00028149548,0.00054917054,7.2258204e-05
S0498,0.0018349383,0.6426116,0.0010756253,0.00087483856,0.0011522339,0.0002587299,0.0007166745,0.00142129,0.00013866695
S0499,0.0021210962,0.18586002,0.0014434563,0.00048649232,0.0009872161,0.0003231058,0.0004532054,0.0014436193,0.0005714107
S0500,0.0265676,0.000560551,0.26622918,0.086334065,0.009191105,0.028764984,0.010678802,0.0036311636,0.035003677
S0501,0.16685757,0.0007577864,0.31726927,0.12163008,0.04768468,0.0036357467,0.022991264,0.07356211,0.0022938424
S0502,0.0077953706,0.9321175,0.016078567,0.0047787116,0.0039960835,0.009471343,0.0062682535,0.002921578,0.00066335464
S0503,0.00079084665,0.0025495733,0.0014828454,9.549548e-05,0.0004402618,0.00034374834,9.401411e-05,0.0004761102,0.00315105
S0504,0.07419006,0.00038725717,0.79192567,0.89502186,0.010828241,0.15143536,0.08076731,0.0017350924,0.08259076
S0505,0.016107349,0.0028862802,0.19328418,0.11049702,0.024778219,0.08251279,0.022757709,0.0052328263,0.065219924
S0506,0.0012584043,0.95465326,0.002301298,0.0014628794,0.0018899299,0.00083741464,0.0016334647,0.0010227653,2.028109e-05
S0507,0.21612519,0.23058882,0.03942904,0.0050914856,0.0015568214,0.016746186,0.005272384,0.015854541,0.7175966
S0508,0.04579122,0.00018817563,0.44244406,0.24372022,0.0017693856,0.062539205,0.009676945,0.00081819907,0.37868235
S0509,0.09279281,0.10726573,0.065075964,0.049251936,0.038921833,0.04738837,0.03627185,0.053417604,0.29050416
S0510,0.14893211,0.009480647,0.17624094,0.03541693,0.0066902777,0.03676515,0.0130514605,0.015600929,0.4210639
S0511,0.14078566,0.1461205,0.12291941,0.10172096,0.068943456,0.115443714,0.076245576,0.079722665,0.43442178
S0512,0.084010005,0.04605732,0.26447982,0.32937717,0.032252733,0.08593159,0.07232577,0.01670894,0.07731291
S0513,0.16322023,0.17556375,0.037867073,0.007831972,0.0033124415,0.016975416,0.00742328,0.021114124,0.5713855
S0514,0.06843866,0.1716042,0.07189297,0.06754253,0.050910663,0.053235333,0.046764094,0.0469546,0.12491307
S0515,4.6824905e-05,0.9935225,0.00017586426,1.3125281e-05,2.3635488e-05,3.2402175e-05,2.6594602e-05,1.3714157e-05,8.54923e-08
S0516,0.1022958,0.3094801,0.022066629,0.07699358,0.044427205,0.011055564,0.041310526,0.08956809,0.11519462
S0517,0.0005221447,0.9620042,0.0008019056,0.0005348399,0.0008558998,0.00020990011,0.0005992231,0.0004937883,3.991554e-06
S0518,0.17585748,0.14918928,0.042171642,0.009163291,0.0036537189,0.020127416,0.0082928855,0.022704573,0.65171057
S0519,0.10069642,0.11569382,0.1277553,0.07967593,0.03087402,0.042080685,0.040478595,0.035870757,0.072570235
S0520,0.18836564,0.19061245,0.032644093,0.007344693,0.002436473,0.013888051,0.0064810263,0.020131491,0.6557984
S0521,0.080525704,0.053564142,0.18213165,0.40109897,0.06113946,0.042024087,0.09032297,0.032331455,0.029550346
S0522,0.105595976,0.020879501,0.048371434,0.0074727717,0.0025483319,0.032784633,0.005162108,0.01025662,0.8761422
S0523,0.042841766,0.0009845631,0.46939552,0.19847798,0.019997798,0.07666989,0.02752186,0.00601889,0.039430283
S0524,0.0014254249,0.1800042,0.00095509196,0.00020051587,0.00049107784,0.00017473301,0.00021518624,0.0008363608,0.00030461012
S0525,0.0020187497,0.33219483,0.0015335865,0.0007502103,0.0011304262,0.0004052217,0.00063054054,0.0013609391,0.00042078234
S0526,0.99195504,4.9266375e-05,0.9962457,0.9703152,0.0060501914,0.06957375,0.20079401,0.08674454,0.5627688
S0527,5.8504167e-05,1.6082421e-06,0.0007401881,1.6635681e-07,9.3640365e-06,8.144466e-05,5.038364e-07,1.2816323e-05,0.006631041
S0528,0.0053111725,0.015859451,0.007477912,0.0017299042,0.002417188,0.003485653,0.0012361412,0.0024885354,0.030278029
S0529,0.010590467,0.0023650706,0.1278445,0.09227958,0.010197073,0.022427209,0.011147099,0.002420169,0.012963148
S0530,0.10115169,0.13878977,0.12333877,0.085404694,0.033224348,0.04131005,0.04361245,0.03814397,0.065163754
S0531,0.01878933,0.043191433,0.03422446,0.008355369,0.0043204217,0.004948171,0.0040435717,0.0051214183,0.0064945766
S0532,0.07102514,0.09576613,0.04876901,0.018859765,0.027995795,0.024920944,0.019325575,0.045882657,0.13099827
S0533,0.077107824,0.1706253,0.45626804,0.2692498,0.006724489,0.11023639,0.046585668,0.0033374904,0.017225657
S0534,0.05557625,0.7362464,0.029370164,0.0237523,0.008895197,0.019163663,0.01854943,0.015829189,0.044294666
S0535,0.0023721117,0.93612736,0.0037444707,0.0027480666,0.0035345054,0.0014670361,0.0029938864,0.0020855188,5.621503e-05
S0536,0.27130717,0.0065218816,0.57418054,0.29751682,0.023421384,0.09998966,0.062433157,0.027347038,0.21042897
S0537,0.00861615,0.9223271,0.016309975,0.006341211,0.0055696107,0.0095601985,0.0078289965,0.003938429,0.00072153704
S0538,0.07375058,0.024932573,0.19279034,0.19255204,0.039112292,0.033645336,0.047586396,0.025390645,0.026161175
S0539,0.0014790441,0.0048184935,0.0015823129,5.7940513e-05,0.00038644567,0.0002472244,8.492483e-05,0.00078401313,0.0025615995
S0540,0.0009937917,0.9571033,0.0015543863,0.0012260794,0.0010987839,0.00057786674,0.001136727,0.0006423983,2.12747e-05
S0541,0.1458276,0.033798967,0.12059111,0.0813408,0.05650919,0.112664744,0.054242242,0.07423917,0.7266315
S0542,0.14315733,0.033004858,0.04382566,0.007168216,0.0028433045,0.023780795,0.005602184,0.015753582,0.84641385
S0543,0.2924955,0.11496364,0.23300152,0.20084713,0.15640168,0.231796,0.16586801,0.19802435,0.71567327
S0544,0.083220266,0.0072729513,0.14734945,0.013306254,0.00302052,0.0049488684,0.004350843,0.0077973483,0.010322423
S0545,0.014133319,0.20202267,0.044420354,0.03578021,0.015858037,0.023731269,0.016903762,0.007039029,0.009173024
S0546,0.82615685,0.0020114407,0.8880634,0.83874506,0.020217435,0.08730227,0.16303703,0.06629546,0.4611912
S0547,0.11660588,0.015051026,0.73744667,0.883458,0.010817051,0.14401214,0.12381876,0.002786519,0.02933626
S0548,0.09663544,0.065168336,0.09497279,0.07958202,0.057628166,0.0891412,0.052676495,0.058742072,0.44924912
S0549,0.00090276444,0.0035780596,0.0010254821,3.1327643e-05,0.00023747016,0.00014282286,4.6281748e-05,0.00047645776,0.0015206893
S0550,0.008428135,0.9235415,0.016100261,0.0060097626,0.005351552,0.009346848,0.00753089,0.0038050455,0.00068781344
S0551,0.321443,0.00042711204,0.28298387,0.19487295,0.0031301829,0.0029143973,0.010129923,0.01418587,0.08345779
S0552,0.13433482,0.00045704507,0.46289724,0.055180006,0.0055011446,0.051311795,0.010519523,0.0075380895,0.31291732
S0553,0.00810495,0.93068546,0.016601779,0.00496999,0.0041844607,0.009812055,0.0065269107,0.0030697056,0.00070062
S0554,0.13462183,0.026806986,0.3020998,0.2725959,0.037569273,0.06586469,0.067911364,0.029788587,0.084611505
S0555,0.09403874,0.09182492,0.09713706,0.0431295,0.03564662,0.0815355,0.036270257,0.04356081,0.3665371
S0556,0.16372506,0.0005413871,0.43201634,0.117926545,0.009716631,0.016643267,0.015249832,0.014485496,0.055636037
S0557,0.0032968738,0.00024256126,0.054421864,0.018541522,0.011065521,0.0014051113,0.0025599648,0.0025750175,0.00017861517
S0558,0.017822677,0.01730089,0.09326733,0.057829604,0.014153213,0.04028231,0.015940651,0.0054141493,0.045312185
S0559,0.0011483518,0.9575894,0.002178836,0.001253135,0.0016440519,0.0007789578,0.0014425761,0.00089228177,1.733424e-05
S0560,0.0021584015,0.900696,0.001522376,0.0020330988,0.0020578299,0.0004551473,0.0016577897,0.001883383,6.74796e-05
S0561,0.00045105023,0.001785246,0.00068322395,0.00027306486,0.0017979556,0.00014282722,0.0001734821,0.001100826,0.00075546576
S0562,0.15365316,0.30474964,0.03553088,0.012730599,0.005866431,0.015945684,0.011667649,0.029658472,0.35600406
S0563,0.037993643,0.003559888,0.25085926,0.14489208,0.016585391,0.036948495,0.02244644,0.006972242,0.028484752
S0564,0.11222986,0.022722539,0.31872877,0.27717355,0.042276394,0.062338725,0.06762598,0.027667275,0.04770459
S0565,0.11867632,0.0077212625,0.5849755,0.079582535,0.012359046,0.100572184,0.02565175,0.0098500475,0.043689698
S0566,0.09280305,0.07407212,0.09575494,0.03964112,0.033828165,0.07925873,0.033315662,0.04231951,0.39706486
S0567,0.008707136,0.9277165,0.017510911,0.005560586,0.0046191057,0.010532444,0.007170056,0.0033776765,0.0007949058
S0568,0.10597161,0.024259891,0.26216328,0.16184707,0.017961634,0.0120190205,0.030153211,0.018815693,0.003980173
S0569,0.5259377,0.021771096,0.95472455,0.8015914,0.035269618,0.6131673,0.27782342,0.021077253,0.23261142
S0570,0.9808487,0.000101404665,0.9928468,0.9553516,0.009999664,0.10354094,0.209628,0.08205974,0.57047814
S0571,0.22056076,0.28194588,0.037331007,0.0063076066,0.0017932764,0.015983276,0.0061665983,0.017744942,0.68403375
S0572,0.1263563,0.0031598632,0.30194098,0.058788177,0.0028251682,0.019598367,0.008880672,0.0052845636,0.09985628
S0573,0.17909238,0.004783723,0.7163288,0.13865146,0.016583297,0.14410996,0.038553342,0.01338885,0.07171901
S0574,0.00026728804,0.9740281,0.00041903826,0.0003041438,0.00029284947,0.00011574804,0.00027959453,0.00016679347,2.4498522e-06
S0575,0.00042099782,0.95456684,0.00038064003,0.00031008857,0.00036367087,8.307028e-05,0.0002875729,0.00030461448,4.3142927e-06
S0576,0.0017569044,0.44382647,0.0012674653,0.0007346848,0.0010775559,0.00032154843,0.00061308703,0.0012648369,0.00024146681
S0577,0.052086506,0.7612822,0.02891046,0.017521085,0.005800049,0.01913501,0.0142892795,0.011191083,0.046819873
S0578,0.0032301734,0.89221567,0.0027025754,0.002473244,0.0035982754,0.0008078407,0.0025555526,0.003221189,8.572088e-05
S0579,0.0011857112,0.0068155383,0.0040896693,0.0007636918,0.0011776979,0.0016548289,0.00044599682,0.00062990695,0.0055205147
S0580,0.06572972,0.03163928,0.09875699,0.067580834,0.04938588,0.08147049,0.039783966,0.03916461,0.35001853
S0581,0.9456041,0.008441169,0.896298,0.6725433,0.0062571377,0.04032471,0.10306294,0.08459258,0.44526666
S0582,0.06880924,0.1931051,0.0748475,0.07370211,0.047646463,0.054515325,0.048150897,0.043143984,0.11674496
S0583,0.0005438425,0.547596,0.0008044768,0.00038512883,0.0009788856,0.00019104237,0.00038052737,0.000629876,2.399498e-05
S0584,0.0031680884,0.93925273,0.0053115226,0.0042234017,0.0030456625,0.0027815562,0.0038569332,0.0017959448,0.00017146769
S0585,0.13497712,0.056089576,0.7760851,0.47332016,0.024639849,0.5959102,0.1362086,0.0072868248,0.2491659
S0586,0.10167794,0.11314883,0.10099193,0.0445786,0.03643725,0.08388408,0.03874663,0.046300147,0.3528859
S0587,0.001228721,0.92573285,0.0010896401,0.000582769,0.0012330906,0.00022796179,0.000751379,0.0011897566,1.2606778e-05
S0588,0.93389493,0.00028551466,0.9728192,0.92055905,0.015045271,0.10266636,0.1847951,0.06881049,0.54630744
S0589,0.002980782,0.20738007,0.0023242196,0.0013798047,0.0020982837,0.00069966714,0.0010612898,0.002336504,0.0010743856
S0590,0.09322001,0.014046143,0.21051519,0.07929058,0.02222078,0.039677594,0.027152047,0.02239218,0.07667823
S0591,0.55150086,1.1314085e-06,0.9887995,0.93173224,0.004790586,0.29650024,0.063781105,0.0028027827,0.7661602
S0592,0.26998478,0.023202693,0.23973185,0.07777718,0.07055621,0.2234703,0.07108928,0.117991164,0.89151496
S0593,0.09002303,0.24349874,0.031413753,0.035438664,0.032274943,0.014932826,0.027609203,0.06475216,0.099846594
S0594,0.112945706,0.05729811,0.10706084,0.018896053,0.019543491,0.07471296,0.020713316,0.03585062,0.4887045
S0595,0.07142725,0.020693995,0.1813314,0.033686765,0.004909751,0.029334666,0.010786476,0.0064883493,0.06882684
S0596,0.0068043536,0.0037251543,0.020327296,0.0075184973,0.0069281124,0.007514076,0.0030878847,0.003897545,0.0362248
S0597,0.08093463,0.0854468,0.092740245,0.08277454,0.060445797,0.090841845,0.05495347,0.052640624,0.34243998
S0598,0.041791175,0.78306067,0.025363324,0.016001778,0.00573045,0.016458755,0.013165227,0.009922516,0.029486153
S0599,0.00089414144,0.009774184,0.0008490494,5.007286e-05,0.00027432464,0.00012512889,6.361766e-05,0.00051404076,0.00088002323
S0600,0.0015296459,0.9613316,0.0032278094,0.0017700427,0.0013296518,0.0015408386,0.0017845365,0.00072743976,5.171865e-05
S0601,0.052222263,0.75825375,0.02917703,0.019250767,0.006547433,0.019433022,0.015470379,0.012131874,0.04517663
S0602,0.10127188,0.06067609,0.28814778,0.40794775,0.031480085,0.08855052,0.085709915,0.017295329,0.078260906
S0603,0.06481823,0.10422061,0.056193847,0.032845523,0.020041179,0.012363657,0.018578185,0.029983053,0.02632474
S0604,0.09645601,0.113466725,0.22977333,0.13766055,0.040077306,0.23667061,0.07353311,0.025868502,0.4140147
S0605,0.00073857955,0.96718264,0.0015606023,0.00060618116,0.00091051013,0.00049033767,0.00079943135,0.000508685,7.573766e-06
S0606,0.999538,3.5988103e-07,0.99988836,0.9783965,0.00072842726,0.07775349,0.10454761,0.05417547,0.86822337
S0607,0.06813255,0.17775111,0.07388122,0.07236735,0.05034806,0.057539806,0.048575472,0.04494061,0.13427481
S0608,0.09081353,0.10640305,0.027771518,0.04921273,0.042775333,0.012072766,0.029547622,0.08159836,0.14390954
S0609,0.001450445,0.95583457,0.002854249,0.0012352796,0.0017175988,0.0010311647,0.0015813126,0.0010079792,2.4182893e-05
S0610,0.0013377194,0.9581463,0.002705182,0.0010424863,0.0015092965,0.00094782724,0.0013917517,0.00089811813,2.0489177e-05
S0611,0.21342759,0.21094629,0.04441046,0.0063819494,0.0022492465,0.019662354,0.00663244,0.019356405,0.6953106
S0612,0.0005730019,0.9753158,0.0014841253,0.00020328833,0.0004354753,0.00038271563,0.00039639886,0.00028992718,3.6845859e-06
S0613,0.24113995,0.21668176,0.042474955,0.0054997047,0.0016857047,0.017981444,0.0057175513,0.018110462,0.7602241
S0614,0.06103362,0.0027964397,0.2776203,0.37007383,0.08236836,0.013043575,0.05580655,0.034846727,0.0026937812
S0615,0.0010225354,0.9733008,0.0026853778,0.000599974,0.00054085616,0.0011087429,0.00081331783,0.00033512225,2.3759761e-05
S0616,0.0010484493,0.9488211,0.0012486588,0.0009097288,0.00085344655,0.000398939,0.0008599123,0.00063530717,2.3154378e-05
S0617,0.0013499376,0.9575323,0.0027022362,0.0010840157,0.0015653707,0.0009493003,0.0014299544,0.00092572835,2.0781326e-05
S0618,0.097193964,0.08598942,0.10143029,0.03898094,0.033695664,0.08372777,0.034338254,0.04296385,0.38471997
S0619,0.0010099703,0.4865219,0.00063650263,0.00024262948,0.0004642476,0.00011712969,0.00023886627,0.00067332305,7.697092e-05
S0620,0.119115986,0.059002947,0.16724052,0.045693904,0.023236629,0.116432995,0.033346377,0.030187542,0.46798563
S0621,0.0544014,0.7427757,0.029161474,0.02188069,0.008051398,0.019004704,0.017352542,0.014586149,0.043880735
S0622,0.100592434,0.0058432757,0.09109432,0.047235046,0.009011282,0.009148012,0.011234513,0.019007916,0.11731509
S0623,0.011820732,0.9074551,0.020793505,0.010065427,0.008424103,0.013106879,0.011634387,0.00592057,0.0012492024
S0624,0.07072265,0.0031686665,0.02081822,0.025679145,0.009570024,0.01396461,0.008287569,0.023977872,0.8915986
S0625,0.018513229,0.70633805,0.03647911,0.054156188,0.031594753,0.021184603,0.03401255,0.015145089,0.0027342234
S0626,0.09787425,0.038786564,0.08941354,0.09479746,0.0663132,0.0859068,0.055170845,0.066003844,0.54969466
S0627,0.070658304,0.0038325493,0.02082609,0.025303043,0.009900657,0.013628832,0.008517172,0.024753768,0.8697828
S0628,0.11819535,0.0036303322,0.20794582,0.029802317,0.011710385,0.044844817,0.013418581,0.019651461,0.3623218
S0629,0.018217986,0.035240185,0.03512594,0.007837785,0.003792985,0.0048147473,0.0036361408,0.004524221,0.0068023917
S0630,0.04053234,0.0039049406,0.15585798,0.03641783,0.013372488,0.06534467,0.01362181,0.009026202,0.27447772
S0631,0.13807657,0.0029706073,0.2869052,0.33153585,0.037225936,0.13216412,0.06413318,0.027196646,0.7280364
S0632,0.001789384,0.9672389,0.004496461,0.0012603207,0.0008494031,0.00230331,0.0015038586,0.0005284738,7.948481e-05
S0633,3.0843792e-05,0.9926763,9.449352e-05,2.1640342e-05,3.8623813e-05,1.6712402e-05,3.129214e-05,1.7130837e-05,4.007922e-08
S0634,0.68029195,0.011071262,0.16067012,0.033601858,0.0038830966,0.0133530125,0.013010744,0.07654273,0.9059311
S0635,0.00033660603,0.0028708964,0.0004886034,4.3848704e-06,9.482669e-05,3.9260583e-05,1.1071512e-05,0.000211544,0.00017637157
S0636,0.14193806,0.0077261305,0.3340335,0.24995422,0.056317627,0.12049515,0.07299446,0.040847342,0.3317053
S0637,0.07078883,0.1701477,0.050617877,0.025097914,0.027510045,0.025537979,0.023112627,0.04189397,0.08897723
S0638,0.074492745,0.0011036808,0.7266941,0.7715316,0.017186508,0.18278046,0.081506506,0.0033139216,0.09291493
S0639,0.0027933337,0.007975573,0.01618843,0.006244859,0.004237873,0.006931896,0.002274524,0.0014114764,0.009572008
S0640,0.016156465,0.13475192,0.030981533,0.0026677484,0.0053655733,0.009090185,0.0036821894,0.0065425863,0.0068491665
S0641,0.07457532,0.011410301,0.18334359,0.11232426,0.037315845,0.07634117,0.039128542,0.025936106,0.22852759
S0642,0.006676254,0.00046745682,0.027692692,0.011178938,0.0029059446,0.00089147023,0.0014196059,0.002012631,0.0016972069
S0643,0.21696849,0.16127786,0.16169421,0.1588454,0.089798175,0.16350351,0.114736415,0.11669059,0.627291
S0644,0.008612901,0.90800816,0.01431625,0.01886919,0.004678553,0.0052006156,0.00952106,0.0030139594,0.00043046515
S0645,0.039723422,0.033342496,0.13332167,0.23663352,0.031281132,0.03241144,0.044413235,0.013461517,0.022399817
S0646,0.09762792,0.07844877,0.09903436,0.04070483,0.034015097,0.08236696,0.034475613,0.043484177,0.40943223
S0647,0.1068113,0.06708487,0.044374198,0.008063323,0.0041806097,0.024433477,0.0070844004,0.016204165,0.6057998
S0648,0.0004413419,0.96477485,0.0005419354,0.00028754628,0.0002934839,0.00013804951,0.0002939947,0.00023030616,5.486181e-06
S0649,0.78745574,0.002693125,0.8594001,0.8235355,0.024031641,0.08794065,0.16617554,0.068872415,0.43000057
S0650,0.086768955,0.39387342,0.013423208,0.058254123,0.052773744,0.0047068642,0.03523961,0.116872616,0.034021255
S0651,0.08417371,0.13955978,0.057301857,0.03695631,0.033561043,0.03727008,0.030356228,0.04896615,0.19397245
S0652,0.001318948,0.95797724,0.0026504605,0.0010424705,0.0015271383,0.00092187454,0.0013874625,0.0009047101,1.973198e-05
S0653,0.06920682,0.19519156,0.06720224,0.061161827,0.047740676,0.042224806,0.043275032,0.04780438,0.088157326
S0654,0.01212278,0.0068344725,0.10529613,0.0187526,0.0031738263,0.010460588,0.0041230107,0.001608837,0.0044164537
S0655,0.030919801,0.04473279,0.05340299,0.043139018,0.04631961,0.04435395,0.027486162,0.028235532,0.11862224
S0656,0.001124323,0.9483606,0.0016240475,0.00086102413,0.0014525924,0.0004591385,0.0010709913,0.0009784512,1.3196922e-05
S0657,0.053587828,0.04896669,0.06724807,0.06544336,0.05305471,0.06346833,0.039324936,0.040551417,0.2846769
S0658,0.00055977097,0.9598374,0.00065341406,0.0004201132,0.00039888124,0.0001785927,0.00040156776,0.00030855392,8.573301e-06
S0659,0.08040451,0.08733781,0.09319782,0.0741703,0.055026174,0.08986809,0.05098969,0.049447626,0.33787292
S0660,0.00071709976,0.9721065,0.0017441108,0.00034991483,0.0005903815,0.0005175943,0.0005761206,0.0003715788,6.6943635e-06
S0661,0.00035178586,0.98229676,0.0009792635,0.00022635193,0.00023433863,0.0003221652,0.00030455957,0.00012975623,3.6598124e-06
S0662,0.015370537,0.13111079,0.030766813,0.0031763134,0.0065431846,0.010324137,0.004254571,0.00709132,0.0076804264
S0663,0.09533168,0.059674725,0.14814778,0.047403358,0.03323984,0.15895052,0.039272282,0.033409424,0.57052976
S0664,0.087470375,0.24129447,0.030929353,0.033685196,0.031508498,0.0145389335,0.026591389,0.06308939,0.094947904
S0665,0.2440841,0.1539334,0.24539077,0.38425487,0.10640215,0.06558321,0.15650937,0.11827534,0.08152602
S0666,0.2415251,0.13142994,0.035628714,0.008251724,0.0025493589,0.014950757,0.006903194,0.025306812,0.8037358
S0667,0.08495241,0.0010669307,0.38905215,0.46681413,0.017538939,0.006271356,0.030231042,0.010664423,0.0019766309
S0668,0.1578504,0.018288363,0.5262327,0.11213209,0.017593333,0.10865132,0.03901111,0.016651504,0.0717624
S0669,0.0009344171,0.9717181,0.0022589134,0.0007910622,0.00065033446,0.00095849,0.00091524614,0.00036692957,2.1976322e-05
S0670,0.06816709,0.16458979,0.07293443,0.07015663,0.052583463,0.058422476,0.048398513,0.04706502,0.14558043
S0671,0.06372792,0.71412146,0.031248206,0.02472299,0.009539591,0.019920096,0.01960497,0.018260462,0.054220356
S0672,0.0026794767,0.902522,0.00237652,0.0020201902,0.0030497077,0.00068949064,0.00214509,0.0026499412,6.096256e-05
S0673,0.00028413872,0.9711476,0.00038022638,0.00020516803,0.00022567483,9.0518835e-05,0.0002109289,0.00016047053,2.4590913e-06
S0674,0.00016974256,0.98486906,0.0004304631,0.00022465123,0.0001912343,0.00013803701,0.00022077597,8.399612e-05,1.3254513e-06
S0675,0.0006610974,0.065688804,0.0020557754,3.712817e-05,0.0002048838,0.00042957155,7.8029734e-05,0.00022970616,0.0002524304
S0676,0.06499577,0.06907117,0.11319042,0.21542692,0.046562165,0.022685919,0.054920286,0.031432882,0.01745268
S0677,0.9965418,5.52708e-06,0.99886346,0.9635665,0.0027266354,0.08213002,0.13636,0.06676601,0.7730294
S0678,0.021424232,0.1059749,0.044406194,0.0051264907,0.007944478,0.013519069,0.0058188867,0.008691416,0.010919741
S0679,0.0012927209,0.35790327,0.0009258647,0.00031430912,0.0006470898,0.00018711768,0.0003126984,0.00088713947,0.00015282123
S0680,0.10198994,0.12681094,0.12428394,0.082124986,0.033411857,0.04016964,0.042426594,0.03898062,0.06486091
S0681,0.00019033764,0.972502,0.00022168572,0.00011210724,0.00014267191,4.293782e-05,0.00011942205,0.00011241919,1.1314894e-06
S0682,0.053813104,0.0002661798,0.66691256,0.6856271,0.02124943,0.016858455,0.04175186,0.0047945683,0.0012203464
S0683,0.015478348,0.027443249,0.05388166,0.022013336,0.006314867,0.010221445,0.0068329223,0.004056597,0.00868907
S0684,0.23593175,0.2469229,0.04102319,0.0050334334,0.0015951837,0.016791802,0.0054573384,0.017496815,0.7217403
S0685,0.0002769172,0.0007391347,0.0035957822,0.001527768,0.000852589,0.00035309425,0.00024040737,0.00016584466,0.00017349252
S0686,0.068368495,0.19375421,0.0726733,0.06953059,0.046801385,0.0499625,0.046136998,0.043559972,0.10428317
S0687,0.05572473,0.7373849,0.029218119,0.02118457,0.008078466,0.018615348,0.017126935,0.015047378,0.044137873
S0688,0.086253844,0.024353128,0.21806104,0.1419661,0.033542044,0.051536016,0.04358104,0.024977608,0.06161528
S0689,0.009666345,0.9225763,0.018855842,0.006440342,0.0054185335,0.011471938,0.008190082,0.0039600874,0.000922356
S0690,0.095190056,0.09689181,0.068539575,0.050885577,0.039927352,0.051103286,0.03718938,0.054181952,0.3213936
S0691,0.009619164,0.010842187,0.048724353,0.023195872,0.013361118,0.028003518,0.008952924,0.0048043965,0.045586314
S0692,0.035044808,0.0063545406,0.18231885,0.10999943,0.020972013,0.05883504,0.024888184,0.008913418,0.0889197
S0693,0.09530504,0.04200157,0.13743971,0.04174315,0.027611893,0.11975064,0.031792857,0.031138591,0.54223466
S0694,0.05636532,0.00023365459,0.6467081,0.46912864,0.0221637,0.11774917,0.042147238,0.0050541516,0.09052522
S0695,0.17465557,0.086245246,0.035679612,0.00626204,0.0021351227,0.016337048,0.005280772,0.016743159,0.78471076
S0696,0.06553674,0.4347499,0.015318564,0.030474272,0.0077723614,0.00886191,0.014679336,0.020043943,0.14058763
S0697,0.02138905,0.00075873657,0.14694114,0.08230477,0.018370468,0.01341198,0.011897526,0.007348344,0.014510943
S0698,0.041766685,0.00067740114,0.5155867,0.19967835,0.020115554,0.09811388,0.02755979,0.005486948,0.053917162
S0699,0.22600591,0.11593902,0.1319214,0.0892451,0.0966583,0.09117778,0.0836571,0.1622757,0.47384432
S0700,0.008302612,0.92667735,0.016281936,0.0058250497,0.00485025,0.009709792,0.007248651,0.0034555655,0.0007268621
S0701,0.00023654976,0.0004539341,0.00042868382,0.00011121551,0.0009897405,7.869975e-05,6.96284e-05,0.0005854364,0.0007219483
S0702,0.000736808,0.0021646137,0.001352539,8.07599e-05,0.00039719552,0.00029843466,8.066215e-05,0.00044498296,0.0030192079
S0703,0.11960366,0.010253687,0.43762082,0.24523853,0.027167752,0.061755523,0.050552547,0.018307103,0.036929287
S0704,0.26859903,0.0018625046,0.5415362,0.091487184,0.020538246,0.008341007,0.021233948,0.044319652,0.0035995902
S0705,0.011505979,0.0028421744,0.12060127,0.08205276,0.010138687,0.022050744,0.010968595,0.0026876084,0.014558766
S0706,0.07864373,0.23499914,0.028193565,0.027776822,0.027593836,0.012682109,0.022595245,0.056059282,0.080823526
S0707,0.02573736,0.11440852,0.051492173,0.006369927,0.008605477,0.0151462555,0.006873461,0.009761953,0.012229329
S0708,0.06395469,0.7140632,0.031335235,0.024628155,0.009473955,0.019984659,0.0195495,0.018202662,0.05476236
S0709,0.0051450194,0.87453926,0.004181267,0.0062109297,0.0059173172,0.0016551731,0.0050514834,0.004837996,0.00027919177
S0710,0.06751818,0.00061989605,0.3907206,0.36806008,0.014105885,0.005140228,0.021242522,0.008121074,0.0013268964
S0711,0.34236556,0.003886457,0.9535993,0.8284283,0.00849983,0.2687166,0.11929631,0.004020024,0.037930384
S0712,0.01532172,0.890029,0.023297315,0.027181283,0.0133916335,0.017457046,0.02087748,0.008261747,0.0026764302
S0713,0.0011232118,0.89918154,0.0005714355,0.00028761567,0.0007281861,8.3062514e-05,0.00038188542,0.001088415,9.761227e-06
S0714,0.08667928,0.0006059527,0.28213874,0.10064482,0.0020698544,0.012152791,0.006851697,0.0028433434,0.09557806
S0715,0.090161204,0.09161486,0.1027988,0.04546883,0.03585527,0.08654503,0.037204508,0.040884525,0.347097
S0716,0.013380538,0.70006156,0.0035837933,0.2062207,0.02660968,0.00277746,0.03485808,0.017145848,0.008561418
S0717,0.0018386347,0.94733864,0.0033268614,0.0018334055,0.0025812725,0.0012412535,0.002214642,0.0014907278,3.4194938e-05
S0718,0.0013045458,0.9416335,0.001707427,0.0009685654,0.0016376099,0.00047703125,0.0011829693,0.0011689066,1.6796876e-05
S0719,0.0005886203,0.94767195,0.0005261011,0.00051845965,0.0005593251,0.00012856355,0.00045113257,0.00045018725,7.927393e-06
S0720,0.086131155,0.13002308,0.08428001,0.058436945,0.036197323,0.073884495,0.041170616,0.040440395,0.31329197
S0721,0.07299492,0.06636421,0.25509134,0.393325,0.029766036,0.08200032,0.078076385,0.013314299,0.052753277
S0722,0.00054318976,0.90690976,0.0002116707,0.0001261506,0.0003396784,2.3291354e-05,0.00015552211,0.00056959456,2.9248517e-06
S0723,0.003049241,0.89345545,0.002518792,0.002258332,0.003358788,0.00073215406,0.0023543527,0.0030462823,7.656946e-05
S0724,0.0008618121,0.893816,0.00055824337,0.00055384793,0.000586771,0.00012809866,0.00045220833,0.00061803794,2.1491258e-05
S0725,0.0039199106,0.8796331,0.0029075975,0.0028260224,0.0035768626,0.00089733856,0.002756837,0.0035244145,0.00013885747
S0726,0.0008802141,0.9598201,0.0016070742,0.00077851507,0.0012599947,0.00048768558,0.0009858181,0.00072632835,9.142987e-06
S0727,0.18445994,0.01500741,0.13396226,0.040853348,0.034715813,0.10686255,0.033056762,0.06889942,0.8608453
S0728,0.19143613,0.05037268,0.04484352,0.007005835,0.002484832,0.022310462,0.0058180033,0.018475702,0.8685167
S0729,0.2924126,0.12690848,0.21577823,0.20502226,0.17377703,0.20231862,0.1715808,0.22215784,0.655536
S0730,0.00059964904,0.96893024,0.0011897938,0.0005503015,0.00070981344,0.00037331288,0.00065357855,0.0003946471,6.416388e-06
S0731,0.21320182,0.12193311,0.1649008,0.15531407,0.092841014,0.16733512,0.111266,0.11793185,0.66328746
S0732,0.088920854,0.0028539766,0.029994877,0.025810797,0.011470732,0.020402726,0.009759321,0.02939193,0.9161949
S0733,7.0038004e-05,0.094912544,0.0004551226,3.3595775e-06,3.2255484e-05,6.751218e-05,9.089199e-06,2.444127e-05,7.5445346e-06
S0734,0.08555971,0.093358584,0.074864015,0.042548146,0.035455965,0.05779124,0.033389755,0.04491693,0.3049119
S0735,0.4590047,0.031703148,0.6370852,0.40761673,0.0030833965,0.0063638515,0.03141476,0.01081876,0.0023187108
S0736,0.08389722,0.07357746,0.098795064,0.07507684,0.05555588,0.09700259,0.051321138,0.050270237,0.38920677
S0737,0.0008236533,0.0035397357,0.0010108815,2.9148941e-05,0.00021155611,0.00014531285,4.266508e-05,0.0004087747,0.0014985172
S0738,0.037253406,0.0010368559,0.43466648,0.16909452,0.018171128,0.07187042,0.024124635,0.0053790645,0.037046812
S0739,0.0013686187,0.952285,0.0024733397,0.0015761934,0.002140243,0.00089545787,0.0017893619,0.001164899,2.1909567e-05
S0740,0.065505214,0.03327365,0.22432396,0.152981,0.032433737,0.060923245,0.04540098,0.018397018,0.04200822
S0741,0.13866086,0.03351771,0.06038838,0.058532584,0.04229451,0.04046199,0.035561662,0.0805851,0.6315466
S0742,0.090172924,0.15858094,0.09976451,0.07230007,0.035082843,0.034563377,0.040523645,0.04065813,0.053498227
S0743,0.25511584,0.0903145,0.22886798,0.20235202,0.17495047,0.2317551,0.16473903,0.1935906,0.68066525
S0744,0.031413812,0.0143303415,0.10053259,0.053737354,0.04713542,0.12128898,0.03126967,0.020857269,0.37258136
S0745,0.0002093303,0.97910565,0.00035899767,7.705237e-05,0.00011677149,7.290215e-05,0.00011229695,9.156619e-05,1.1224122e-06
S0746,0.056209337,0.009604,0.04213873,0.004685352,0.0026620405,0.027886506,0.0035442817,0.0073004137,0.7735045
S0747,0.0009952689,0.84572345,0.0006697656,0.0006042983,0.0006766036,0.00015873881,0.00049492065,0.00071620854,3.4350487e-05
S0748,0.09316846,0.00040124098,0.54756016,0.51586515,0.009874936,0.0074556423,0.024556465,0.005694427,0.0021995753
S0749,0.22462839,0.20044582,0.047334116,0.0056645824,0.0020027128,0.020815441,0.0061662155,0.018502295,0.730584
S0750,0.06177555,0.118194096,0.052738886,0.02359902,0.02457387,0.024829632,0.020076934,0.03440485,0.0849104
S0751,0.22446361,0.24423051,0.041089226,0.0059200954,0.0019329175,0.017374035,0.0061720274,0.018823646,0.6948718
S0752,0.12130398,0.019340275,0.0500162,0.008558844,0.0032842173,0.03221835,0.006023513,0.013844059,0.8818707
S0753,0.10343011,0.12894474,0.12789662,0.08689869,0.033234853,0.041032348,0.043604027,0.03838275,0.0646268
S0754,0.04952746,0.16188708,0.039752066,0.034351658,0.023691034,0.028792325,0.023214025,0.027354525,0.12737831
S0755,0.00012126382,0.9489918,7.524025e-05,3.0735853e-05,5.5189288e-05,8.555528e-06,3.454783e-05,7.331068e-05,5.6377235e-07
S0756,0.0025321362,0.89690226,0.0019269491,0.0024061024,0.0027899116,0.0005860514,0.002103424,0.002440974,7.401573e-05
S0757,0.074074574,0.0019552696,0.1125326,0.029471628,0.0016055999,0.003453681,0.0035527167,0.004006524,0.03426373
S0758,0.06261559,0.72112644,0.03125945,0.023265673,0.008754678,0.020043844,0.01863186,0.01693967,0.054377444
S0759,0.22578587,0.11477953,0.034150027,0.0076620053,0.002255173,0.01467391,0.006194772,0.022005925,0.81737244
S0760,0.0006425404,1.6611931e-06,0.019257035,0.00019557323,0.0015739498,0.01605122,0.00014831952,0.00035861644,0.5103387
S0761,0.067039356,0.067814216,0.12466656,0.24039924,0.040075563,0.03304387,0.05793439,0.025701867,0.035620984
S0762,0.60031015,9.648634e-05,0.8339737,0.10197457,0.012776545,0.0040812283,0.01466019,0.06460567,0.003148084
S0763,0.20468669,0.5663717,0.6821597,0.07124667,0.005812455,0.55865455,0.055381246,0.005833793,0.2652465
S0764,0.23917516,0.1285079,0.2207038,0.28992403,0.2757312,0.22636831,0.23055656,0.2528915,0.5220585
S0765,0.09961731,0.026220385,0.20620042,0.26011732,0.03811836,0.028096776,0.055068728,0.029531825,0.0268135
S0766,0.00058282394,0.00026284732,0.0044748443,0.00032452,0.0008883706,0.0027038017,0.00019251586,0.00031973142,0.034392837
S0767,0.00095254247,0.96544504,0.0020687762,0.0006567508,0.0009834017,0.0006769677,0.0009251526,0.0005848246,1.162469e-05
S0768,0.012338942,0.00014769447,0.14455073,0.10026049,0.0015642266,0.002068969,0.0028394691,0.0007029092,0.0020507611
S0769,0.0008587476,0.96388054,0.0014864476,0.00084584166,0.0007273538,0.0005491614,0.000847332,0.00044280523,1.8119068e-05
S0770,0.10421708,0.33810058,0.015897937,0.056168977,0.048627466,0.005700743,0.034849133,0.119945854,0.057387285
S0771,0.17961146,0.15517475,0.101611905,0.11181016,0.11411952,0.0706812,0.09215845,0.1602935,0.31567317
S0772,0.09174246,0.043047633,0.18448783,0.15425389,0.032749124,0.04718899,0.047418505,0.026821502,0.064297915
S0773,0.0010868002,0.12861991,0.00080459757,0.00016958578,0.0004724413,0.000143323,0.00017640606,0.000725542,0.00025074126
S0774,0.019733692,0.17017275,0.00980758,0.00627198,0.004709789,0.0042918725,0.0043424442,0.008486222,0.03248044
S0775,0.035475202,0.0010375432,0.40393332,0.16682954,0.020448688,0.06202759,0.024222774,0.0060354783,0.030669263
S0776,0.020583801,0.016222138,0.106936045,0.05814009,0.028564185,0.07447702,0.023407428,0.009903837,0.095541716
S0777,0.0030463284,0.9222418,0.0039773085,0.004390033,0.0043548187,0.0017090475,0.00395607,0.002668595,0.00011106692
S0778,0.99791396,3.5152973e-06,0.99944496,0.9806798,0.001902936,0.07466604,0.15030107,0.05474285,0.69958246
S0779,0.00030988173,0.95105016,0.00020340623,0.000122089,0.00017755153,3.1856856e-05,0.00012679603,0.0002069891,2.2543784e-06
S0780,0.16508174,0.037396695,0.043157138,0.006924895,0.0028924276,0.021439012,0.0057049203,0.01860052,0.8462084
S0781,0.0006483992,0.009926662,0.001286355,0.00010965738,0.00032790238,0.0003371609,0.000101082995,0.00031796197,0.0014841866
S0782,0.06600681,0.044062927,0.081802666,0.09882581,0.09520302,0.07779201,0.06052394,0.067429535,0.29815245
S0783,0.7121976,0.07342777,0.04625888,0.00092484325,0.0006080797,0.006695654,0.0020704956,0.05824226,0.9725182
S0784,0.10544745,0.00083793106,0.8499385,0.9396595,0.02027865,0.26394325,0.15354972,0.0029504995,0.10918432
S0785,0.9963789,1.2360952e-05,0.9981197,0.969969,0.0032775886,0.05458264,0.15518415,0.08442578,0.68888843
S0786,0.46003315,0.5898305,0.837751,0.074752316,0.0019596133,0.22569728,0.03741149,0.005508331,0.032103647
S0787,0.28536892,0.08624636,0.78951216,0.7066811,0.033934068,0.40145475,0.21375912,0.017398084,0.15682776
S0788,0.0012732671,0.9265705,0.0011404293,0.0005758401,0.0011622449,0.00024351086,0.00074527966,0.001144288,1.4170888e-05
S0789,0.0019157534,0.9423086,0.0030938236,0.0017968607,0.0025653767,0.0011013111,0.0021361015,0.0015894914,3.6336292e-05
S0790,0.21187648,0.044053417,0.16230258,0.15919127,0.040276743,0.01721296,0.050881166,0.07641892,0.049848128
S0791,0.06229862,0.72132385,0.031136667,0.023249261,0.008800334,0.019926164,0.018631842,0.01697396,0.053553034
S0792,0.14765194,0.002694058,0.4041738,0.34100953,0.07142285,0.019778322,0.06240373,0.054611538,0.009737672
S0793,0.13208847,0.005710421,0.12780894,0.051013418,0.007792303,0.011922732,0.01201344,0.018507507,0.15262006
S0794,0.01256992,0.011476319,0.06577468,0.036992084,0.01719156,0.03652933,0.012829117,0.005962346,0.052527595
S0795,0.0075383177,0.60087955,0.0006255863,0.0004824658,0.00038066655,8.332408e-05,0.000381057,0.0025039562,0.0011099481
S0796,0.08498412,0.05297652,0.09330074,0.032059748,0.030173015,0.07529478,0.027705219,0.03790525,0.4148753
S0797,0.2143916,0.25461817,0.038896598,0.0062740156,0.001940493,0.016757514,0.0062518027,0.018167203,0.6796201
S0798,0.12118332,0.07929216,0.109247826,0.08150614,0.0542777,0.10287299,0.05671525,0.06336254,0.5213792
S0799,0.0011139878,0.80388814,0.00076896825,0.0006436924,0.00073114655,0.00018799485,0.0005264625,0.00078239583,4.9772927e-05
S0800,0.002258261,0.9532217,0.004511979,0.0026899201,0.0020067082,0.0022972932,0.0026776984,0.0011277589,9.680216e-05
S0801,0.08230426,0.07287679,0.09353197,0.08287018,0.061831452,0.09131518,0.05452513,0.05429245,0.37054023
S0802,0.00015695079,0.00057472184,0.0004966252,2.0987845e-06,3.908154e-05,5.307103e-05,4.6902164e-06,6.210532e-05,0.0004110832
S0803,0.072214164,0.00042561773,0.15848991,0.04751807,0.0013462111,0.0040328573,0.0033701984,0.0027394434,0.0599913
S0804,0.002403897,0.9363791,0.0038460153,0.002783351,0.0035904336,0.0015170253,0.0030508414,0.0021073169,5.719872e-05
S0805,0.0014498547,0.9539198,0.002705995,0.0016845593,0.0019756923,0.0010540963,0.001851551,0.0010775796,2.8409637e-05
S0806,0.21866171,0.24564773,0.041221417,0.005998166,0.0018635206,0.017968372,0.006124787,0.017662697,0.700513
S0807,0.00022638409,0.97948307,0.00048538108,0.00019304799,0.00028286804,0.0001224746,0.00023977441,0.0001488886,1.1837275e-06
S0808,0.0012453854,0.9459871,0.0017047785,0.00072245934,0.001259246,0.00046050077,0.0009648193,0.00096152385,1.5497331e-05
